feature,importance
hrv_rmssd_ms_roll_mean,0.1534285132984347
hour_of_day,0.15023623440956138
cgm_mgdl_roll_mean,0.10880811487522357
age,0.07116420299565275
hba1c_pct,0.06256937166248398
bmi,0.05972917174704092
hrv_rmssd_ms,0.04654368593016408
cgm_mgdl_roll_std,0.04523365073348934
tcf7l2_risk_allele_count,0.03942306505268257
steps_roll_std,0.037002281619249046
egfr_ml_min,0.0364164452946071
fasting_glucose_mgdl,0.03480002443389604
heart_rate_bpm_roll_mean,0.033037865965330815
cgm_mgdl,0.02952236703527553
ldl_cholesterol_mgdl,0.021140771145942355
steps_roll_mean,0.01589245366177412
hrv_trend,0.014807518136636786
cgm_trend,0.011486496344455569
hypertension,0.0058001643997181865
apoe4_risk_allele_count,0.005796637196887246
steps,0.0045528172169832255
type2_diabetes,0.003590532153900936
restorative_sleep_ratio_24h,0.003436778175978036
hrv_rmssd_ms_roll_std,0.002754905737909841
heart_rate_bpm_roll_std,0.0016217116649574702
heart_rate_bpm,0.0008539037397492514
prior_cardiac_event,0.0003503153720153795
low_activity_flag,0.0
