patient_id,age,sex,bmi,type2_diabetes,hypertension,prior_cardiac_event,hba1c_pct,fasting_glucose_mgdl,ldl_cholesterol_mgdl,egfr_ml_min,tcf7l2_risk_allele_count,apoe4_risk_allele_count
P100000,27,F,31.8,0,0,0,4.93,95.5,105.4,105.0,0,1
P100001,70,M,27.0,0,1,0,5.54,101.6,139.6,68.4,0,0
P100002,63,M,29.0,0,0,1,4.92,95.2,147.4,65.2,1,0
P100003,49,M,25.7,0,0,0,5.5,92.3,120.6,67.4,1,2
P100004,49,F,25.2,0,0,0,5.03,102.1,95.1,78.5,0,0
P100005,76,F,23.3,0,0,0,5.6,94.2,130.8,44.5,0,0
P100006,27,M,27.2,0,0,0,4.96,91.4,66.8,92.6,1,0
P100007,65,F,22.6,0,0,0,6.22,104.1,90.8,57.6,1,0
P100008,34,F,28.5,0,0,0,5.93,92.2,104.3,85.8,2,1
P100009,27,F,30.2,0,0,0,5.09,88.5,51.6,77.9,1,1
P100010,55,M,27.8,0,1,0,5.38,82.5,125.3,64.8,1,1
P100011,83,M,25.7,0,0,0,5.48,97.2,96.8,52.7,0,0
P100012,68,M,28.6,1,1,0,7.72,148.4,133.2,60.9,2,0
P100013,69,M,25.2,0,1,1,5.36,89.5,110.0,85.1,0,0
P100014,67,M,30.7,0,1,0,5.3,104.8,139.3,79.8,1,0
P100015,71,F,18.4,0,0,0,5.9,70.0,112.8,70.9,0,0
P100016,54,M,24.6,0,0,0,5.12,89.3,133.6,73.1,1,0
P100017,30,F,16.4,0,0,0,5.08,87.0,96.1,93.1,1,0
P100018,74,F,20.0,0,1,0,4.91,81.2,118.2,74.0,1,0
P100019,50,M,32.1,0,0,0,5.58,116.0,99.1,65.0,1,1
P100020,53,F,30.1,0,1,1,6.11,90.9,98.3,67.9,0,0
P100021,45,F,22.6,0,0,0,5.54,85.2,110.1,55.1,1,0
P100022,33,F,18.7,0,0,0,5.71,88.4,109.0,95.3,0,1
P100023,80,M,16.0,0,0,0,5.26,70.0,165.4,87.8,0,1
P100024,71,F,24.2,0,0,0,5.6,82.2,100.0,67.6,0,1
P100025,62,F,37.3,0,0,0,5.04,103.5,103.4,44.7,0,0
P100026,47,M,27.9,0,0,0,5.18,84.6,91.3,83.5,0,1
P100027,73,F,24.2,0,0,1,5.84,81.5,117.4,55.0,1,0
P100028,56,M,28.3,0,0,0,5.4,104.1,114.0,64.6,1,0
P100029,49,M,18.9,0,0,0,4.72,101.6,102.5,82.9,1,0
P100030,50,M,24.7,0,0,0,4.77,95.1,125.7,78.1,0,0
P100031,36,F,26.0,0,0,0,4.61,85.8,86.1,74.7,0,0
P100032,27,F,24.9,0,1,0,5.27,87.6,134.5,71.4,0,0
P100033,56,F,29.7,0,0,0,6.19,83.4,117.2,74.1,1,1
P100034,77,M,28.4,0,0,1,6.11,81.1,114.6,59.3,1,0
P100035,26,F,28.3,0,0,0,4.5,80.5,88.1,71.3,0,0
P100036,76,F,23.7,1,1,1,7.93,128.4,182.9,55.6,1,0
P100037,74,F,30.8,0,0,0,5.91,81.4,97.3,69.5,0,0
P100038,39,M,33.0,0,0,0,4.57,76.8,105.6,77.3,0,0
P100039,61,F,22.0,0,1,0,5.29,91.3,113.4,48.6,0,0
P100040,32,M,21.5,0,0,0,5.56,91.3,132.5,94.1,0,0
P100041,69,F,32.6,0,1,0,5.71,109.3,149.3,29.5,1,1
P100042,66,F,25.6,1,0,1,6.74,128.5,96.8,63.2,2,2
P100043,44,F,32.1,0,0,0,5.48,95.1,111.9,70.0,0,0
P100044,26,M,23.3,0,0,0,4.5,92.6,99.6,86.4,1,1
P100045,83,F,33.5,0,1,0,5.54,90.0,126.9,63.5,1,1
P100046,50,F,26.6,1,0,0,7.56,142.9,119.2,88.5,2,2
P100047,78,M,28.0,0,1,0,5.59,98.7,143.0,50.3,1,1
P100048,64,M,33.5,0,1,0,5.24,95.8,133.9,71.4,0,1
P100049,71,M,25.0,0,0,1,5.87,87.4,111.6,68.9,1,1
P100050,69,M,22.3,0,0,0,5.88,85.6,120.2,46.9,0,1
P100051,34,F,23.5,0,0,0,5.66,75.9,102.2,104.2,2,0
P100052,44,M,27.9,0,0,0,5.59,82.8,102.8,60.1,0,0
P100053,51,F,19.0,0,0,0,5.74,82.0,91.6,79.6,1,0
P100054,53,M,29.0,0,0,0,5.62,79.9,139.1,78.5,0,0
P100055,24,M,22.8,0,1,0,5.15,93.7,92.6,83.7,0,0
P100056,56,M,31.3,0,0,0,5.4,103.9,115.0,66.7,1,0
P100057,31,M,16.0,0,0,0,5.02,78.2,90.0,92.5,1,0
P100058,68,M,23.0,0,1,0,5.0,92.2,166.4,44.1,0,0
P100059,65,M,18.9,0,1,1,5.07,77.8,111.9,63.2,2,1
P100060,80,M,23.2,0,0,1,5.49,86.4,101.3,56.2,1,0
P100061,68,F,27.7,0,0,1,5.58,83.9,91.8,59.7,0,0
P100062,45,F,25.0,1,0,0,7.63,141.0,108.5,82.1,1,1
P100063,82,F,25.8,0,1,1,5.6,83.5,109.3,70.1,0,1
P100064,47,M,25.2,0,0,0,5.67,100.2,93.2,72.1,1,2
P100065,42,F,26.7,0,1,0,5.65,88.0,77.8,82.6,0,1
P100066,79,F,22.3,0,0,0,5.5,82.7,120.4,64.0,0,1
P100067,45,F,29.0,0,0,0,5.49,78.7,92.0,66.3,2,0
P100068,26,M,28.3,0,0,0,4.96,93.5,64.6,81.5,2,0
P100069,51,M,27.8,0,0,0,5.84,99.8,126.1,71.0,1,0
P100070,72,M,29.2,0,0,0,5.77,94.0,86.6,57.8,2,1
P100071,33,F,26.8,0,0,0,4.65,112.9,113.1,86.9,1,2
P100072,51,F,35.2,0,0,0,5.37,107.4,90.4,77.4,1,0
P100073,30,F,25.0,0,0,0,5.76,86.9,128.0,63.9,1,0
P100074,65,F,25.1,0,0,0,5.38,86.8,125.0,49.2,0,0
P100075,51,F,22.6,0,0,0,5.49,94.0,84.2,79.7,0,0
P100076,42,M,21.1,0,0,0,5.44,80.5,82.5,68.4,0,0
P100077,36,M,20.0,0,0,0,4.75,100.2,110.5,84.2,1,0
P100078,57,M,22.2,0,0,1,5.57,92.8,101.6,81.6,0,2
P100079,64,F,26.1,0,0,1,4.88,92.9,106.2,54.1,0,0
P100080,81,F,28.4,1,1,1,7.16,142.9,161.8,40.7,1,1
P100081,49,M,26.2,0,1,0,5.72,107.6,108.6,90.5,0,1
P100082,32,F,22.0,0,0,0,5.26,90.8,98.6,86.4,0,0
P100083,74,F,30.8,0,0,0,5.42,90.6,132.7,60.4,1,0
P100084,61,F,29.7,0,1,0,5.59,106.5,144.6,54.4,1,1
P100085,66,M,25.8,0,1,0,5.44,99.9,127.2,57.5,0,0
P100086,28,M,22.4,0,0,0,5.09,86.0,89.4,69.5,0,1
P100087,41,F,28.2,0,0,0,5.47,91.0,65.6,89.2,0,0
P100088,70,M,27.4,0,0,1,5.21,92.7,90.9,57.7,1,1
P100089,74,M,20.2,0,1,1,5.56,92.2,140.0,73.5,1,1
P100090,49,M,25.7,0,0,0,5.17,76.6,100.8,70.6,0,0
P100091,72,M,27.8,0,0,0,4.89,75.4,114.3,53.7,1,0
P100092,75,F,22.7,0,0,0,5.18,80.4,134.8,59.9,0,2
P100093,46,M,26.7,1,0,0,7.69,125.9,78.7,45.1,0,0
P100094,78,F,20.3,0,1,0,5.73,82.1,130.5,57.4,2,0
P100095,40,M,31.7,0,0,0,4.67,98.4,103.8,77.0,0,0
P100096,37,M,31.2,0,1,0,4.55,90.2,104.7,85.1,0,0
P100097,64,M,25.3,0,1,0,5.4,92.0,158.2,41.8,0,1
P100098,62,M,28.0,0,0,0,6.04,78.7,127.0,84.1,1,1
P100099,30,M,16.0,0,0,0,5.03,82.7,101.8,92.8,2,0
P100100,74,M,21.5,0,0,0,6.06,94.8,149.5,80.4,2,1
P100101,34,M,24.2,0,0,0,5.28,95.7,67.6,80.8,0,0
P100102,72,M,21.8,0,0,0,5.71,81.8,112.6,78.4,0,0
P100103,22,F,28.4,0,0,0,4.5,92.6,100.1,68.5,1,0
P100104,72,M,35.6,0,1,1,5.9,115.2,114.5,69.8,0,2
P100105,71,M,21.3,0,1,0,5.38,88.7,138.4,52.3,1,0
P100106,71,F,22.9,0,1,0,5.86,82.4,110.3,41.8,1,0
P100107,63,M,27.4,0,1,0,5.1,89.0,143.0,51.3,0,0
P100108,51,M,33.3,0,0,0,5.38,93.4,125.6,74.7,1,1
P100109,66,M,21.0,0,1,0,5.6,87.3,135.8,53.7,0,0
P100110,39,M,26.8,0,0,0,5.13,90.2,62.5,83.9,0,0
P100111,71,F,34.8,0,0,0,5.67,78.5,93.1,44.9,1,1
P100112,57,M,18.8,0,0,0,5.26,78.5,118.1,46.7,1,0
P100113,50,F,20.2,0,0,0,5.04,87.1,104.4,91.5,1,0
P100114,53,M,24.2,0,0,0,5.97,88.1,51.3,84.6,1,0
P100115,57,M,23.9,0,0,1,5.79,84.0,131.7,59.6,2,0
P100116,24,F,28.9,0,0,0,4.74,89.4,96.3,85.4,2,0
P100117,30,F,26.5,0,0,0,5.33,91.1,79.6,95.2,1,1
P100118,37,F,17.6,0,0,0,4.87,96.7,118.7,85.2,0,1
P100119,29,F,27.7,0,0,0,4.62,89.8,82.0,85.2,1,1
P100120,49,F,23.4,0,0,0,5.7,93.5,89.8,88.5,2,2
P100121,64,F,32.2,0,0,0,4.76,86.7,116.8,60.6,0,0
P100122,63,F,23.6,0,0,0,5.8,95.3,144.8,70.2,0,0
P100123,51,F,23.2,0,0,0,5.21,93.2,136.9,74.4,0,2
P100124,75,M,29.2,0,1,1,5.47,99.9,141.2,56.7,0,0
P100125,57,F,29.6,0,0,0,5.53,98.5,116.0,67.5,1,1
P100126,26,F,27.3,0,0,0,5.29,96.6,110.2,85.5,0,1
P100127,70,F,19.0,0,1,0,5.17,87.2,106.9,62.4,1,0
P100128,58,M,28.7,0,0,1,5.67,93.5,120.1,59.2,1,0
P100129,61,F,21.7,0,1,0,5.46,99.6,113.7,75.2,1,0
P100130,57,M,27.3,0,0,0,4.87,84.2,113.2,60.5,0,0
P100131,56,F,19.8,0,1,0,5.29,82.1,121.9,65.0,0,0
P100132,27,F,27.3,0,0,0,5.62,92.5,104.8,80.7,1,0
P100133,57,F,22.6,1,1,0,7.84,138.4,129.2,71.5,1,1
P100134,72,F,20.9,0,0,1,5.81,80.5,51.3,40.8,1,1
P100135,41,M,28.9,0,0,0,4.73,90.4,104.0,89.3,1,1
P100136,59,F,27.4,0,1,0,5.59,89.8,140.4,58.3,0,0
P100137,23,F,22.4,0,0,0,5.37,70.0,102.1,100.4,1,0
P100138,43,M,32.3,0,0,0,5.52,90.0,99.1,72.1,0,0
P100139,49,M,24.0,0,0,0,5.6,88.1,136.4,74.8,0,0
P100140,83,M,27.1,0,1,1,5.78,89.0,143.4,79.8,1,2
P100141,35,M,26.8,0,1,0,5.12,104.7,126.8,72.7,0,0
P100142,39,M,22.9,0,0,0,4.95,77.2,120.5,94.3,0,0
P100143,47,F,28.0,0,0,0,4.51,82.7,110.1,76.7,0,1
P100144,84,M,24.6,0,0,1,5.78,70.0,99.6,66.4,0,0
P100145,75,F,24.9,0,0,0,5.62,85.2,65.2,65.8,1,0
P100146,24,F,31.4,0,0,0,5.26,87.9,84.1,95.6,0,0
P100147,36,M,20.9,0,0,1,4.62,83.7,113.6,72.4,1,1
P100148,73,M,16.0,0,0,0,5.79,98.4,106.1,54.0,1,1
P100149,25,M,32.5,0,0,0,5.87,100.9,110.0,77.3,0,0
P100150,75,F,38.2,1,1,1,7.38,139.7,137.0,61.2,0,1
P100151,39,M,23.8,0,0,0,5.17,85.9,125.4,76.8,1,1
P100152,79,F,18.2,0,1,0,5.71,98.2,129.7,66.9,1,1
P100153,40,M,24.3,0,0,0,6.01,89.6,109.4,94.7,1,0
P100154,49,M,24.7,0,0,0,4.88,81.7,113.7,63.7,1,0
P100155,63,M,25.5,0,0,0,5.51,73.0,139.2,61.0,0,1
P100156,29,M,20.4,0,0,1,4.77,84.2,61.5,66.2,0,0
P100157,57,M,28.8,0,0,0,5.15,98.7,97.6,96.6,1,1
P100158,53,F,28.5,0,0,0,5.31,113.8,122.2,77.5,0,1
P100159,71,F,19.9,0,0,1,6.05,89.1,143.3,72.4,1,0
P100160,84,F,30.2,0,0,1,6.36,83.9,122.4,45.3,1,1
P100161,63,M,35.6,0,0,0,5.61,81.3,103.3,69.8,1,2
P100162,47,F,26.7,0,0,0,5.12,96.0,117.9,82.3,0,1
P100163,47,F,24.4,0,0,0,6.27,72.2,120.2,73.2,0,0
P100164,48,M,25.3,0,0,0,5.11,95.6,96.0,88.7,0,1
P100165,73,M,29.5,1,1,0,7.1,144.5,139.8,88.5,0,0
P100166,42,M,18.0,0,0,0,4.51,92.3,124.4,66.8,1,1
P100167,32,M,26.2,0,0,0,5.68,88.2,134.6,69.9,0,1
P100168,43,M,24.0,0,0,0,5.62,95.4,116.1,67.3,0,1
P100169,23,F,33.5,0,0,0,6.0,94.3,94.1,105.1,0,0
P100170,28,M,24.6,0,0,0,4.52,82.1,94.1,96.3,0,0
P100171,27,M,32.8,0,0,0,5.65,110.8,105.9,82.6,1,0
P100172,70,M,21.6,0,0,0,5.53,85.5,109.7,67.4,0,0
P100173,67,F,29.2,0,1,1,5.79,99.0,134.6,53.4,2,0
P100174,65,M,27.9,0,0,0,4.79,70.0,88.8,79.7,0,0
P100175,51,M,22.1,0,0,0,5.9,101.9,130.3,70.0,1,0
P100176,67,M,27.3,0,1,0,5.78,105.4,108.0,60.1,0,1
P100177,32,F,30.9,0,0,0,5.1,92.1,88.2,89.5,0,1
P100178,78,M,25.4,0,1,0,5.84,95.7,137.2,56.5,1,0
P100179,53,M,18.5,0,1,0,5.02,93.6,165.0,66.0,2,1
P100180,81,M,26.9,0,1,1,5.38,84.1,127.9,57.7,1,1
P100181,31,F,21.4,0,0,0,4.92,94.4,83.1,92.1,0,0
P100182,53,M,24.5,0,0,0,4.59,81.8,94.2,93.6,0,0
P100183,65,M,26.1,0,0,0,5.79,84.2,143.2,76.0,1,1
P100184,53,F,18.4,0,0,0,5.81,99.3,50.0,83.4,0,2
P100185,50,M,18.7,0,0,1,5.02,97.9,83.9,72.6,1,1
P100186,32,F,27.6,0,0,0,5.26,83.7,151.4,73.7,1,1
P100187,46,M,23.5,0,0,1,5.15,82.2,114.2,84.4,1,2
P100188,37,F,16.0,0,0,0,5.3,80.8,76.7,82.3,1,0
P100189,40,M,29.2,0,0,0,4.95,98.6,99.2,61.9,1,1
P100190,65,M,27.7,0,1,1,5.1,80.8,131.3,60.1,0,0
P100191,61,M,23.1,0,0,0,5.83,93.0,125.3,69.6,0,2
P100192,60,M,20.4,0,1,0,5.37,96.1,164.8,59.9,1,0
P100193,44,M,29.6,0,0,0,6.05,90.5,109.4,95.2,0,0
P100194,82,F,28.5,0,1,0,5.64,101.2,126.0,63.0,0,1
P100195,27,F,36.0,0,0,0,4.7,90.3,110.5,100.7,0,0
P100196,43,M,27.7,1,1,0,7.52,133.7,107.2,76.0,1,1
P100197,29,M,27.1,0,0,0,5.34,80.9,74.9,84.4,1,0
P100198,43,F,25.0,0,0,0,5.52,100.2,66.0,66.6,1,2
P100199,82,F,30.6,0,1,1,6.1,84.0,105.5,57.3,0,1
P100200,45,M,28.7,0,1,0,4.99,94.6,104.1,72.2,0,0
P100201,79,M,32.5,0,1,1,5.54,91.5,112.0,42.0,1,1
P100202,53,F,23.7,0,0,0,5.26,79.1,111.5,67.3,0,0
P100203,66,F,24.5,0,1,0,4.94,83.8,106.4,59.7,1,1
P100204,50,F,23.8,0,0,0,5.19,103.5,50.0,80.0,1,1
P100205,38,M,29.2,0,0,0,5.71,93.3,78.3,85.3,0,1
P100206,70,F,33.3,0,0,0,5.59,82.4,102.6,60.0,0,0
P100207,83,M,24.9,0,1,1,5.09,93.0,125.1,62.4,0,0
P100208,38,F,23.7,0,0,0,4.56,88.2,129.6,77.6,1,1
P100209,71,F,28.0,0,0,0,6.18,125.5,100.1,32.2,1,0
P100210,38,M,24.5,0,0,0,5.14,92.7,116.8,74.0,0,0
P100211,67,M,30.8,0,1,0,5.21,87.9,130.4,76.1,1,0
P100212,71,M,16.5,0,1,0,5.4,101.6,131.6,41.4,0,0
P100213,50,M,22.3,0,0,0,4.71,70.8,87.3,76.4,0,1
P100214,68,M,23.0,0,0,0,6.05,90.3,110.0,86.8,2,0
P100215,39,M,16.0,0,0,0,5.03,107.2,84.3,70.3,0,0
P100216,26,M,20.9,0,0,0,5.61,87.6,97.8,84.6,0,2
P100217,28,F,21.2,0,0,0,5.1,71.5,90.5,68.2,1,0
P100218,50,F,25.1,0,0,0,5.87,86.1,85.1,94.5,0,1
P100219,78,M,31.8,1,1,0,7.48,151.6,155.0,57.8,1,0
P100220,30,F,24.3,0,0,0,5.44,93.5,104.5,83.6,0,1
P100221,50,M,21.4,0,0,0,5.59,80.5,95.0,91.3,0,1
P100222,66,M,26.2,0,0,1,5.71,83.5,113.3,76.5,0,1
P100223,34,F,30.2,0,0,0,5.28,86.0,95.9,70.9,0,0
P100224,67,M,22.1,0,0,0,5.38,92.7,93.4,60.4,0,0
P100225,41,F,21.6,0,0,0,5.98,102.4,101.8,84.5,0,1
P100226,72,M,29.2,0,0,1,5.16,101.8,100.4,58.7,1,0
P100227,58,F,25.2,0,1,0,5.38,94.6,108.3,41.4,0,0
P100228,56,F,29.1,0,0,0,5.37,77.9,73.9,72.0,0,0
P100229,33,M,25.4,0,0,0,5.29,76.8,90.0,64.0,0,2
P100230,51,M,29.2,0,0,0,5.14,96.6,115.7,94.0,0,1
P100231,75,F,22.1,0,1,0,5.68,75.7,120.1,62.1,0,1
P100232,23,M,25.1,0,0,0,4.96,87.8,143.6,74.9,1,1
P100233,69,M,25.6,0,0,0,4.86,93.2,129.3,59.0,0,0
P100234,53,F,20.6,0,0,0,5.33,77.3,131.3,51.1,1,0
P100235,67,M,19.5,0,0,0,5.03,78.1,126.7,55.0,2,0
P100236,63,M,29.5,0,0,1,4.74,90.4,146.3,82.0,0,1
P100237,49,F,24.4,0,0,0,5.34,94.9,87.9,102.2,0,0
P100238,41,M,21.1,0,0,0,5.41,99.5,50.0,87.3,0,1
P100239,61,M,25.9,0,0,0,5.62,96.3,99.5,69.5,1,1
P100240,30,M,30.5,0,0,0,5.33,92.4,107.2,77.8,0,0
P100241,58,M,16.0,0,0,0,4.61,79.8,110.2,60.3,1,0
P100242,27,M,18.6,0,0,0,4.53,77.4,100.3,108.9,1,0
P100243,62,F,22.2,0,0,0,6.21,84.1,135.2,67.9,1,2
P100244,61,M,32.9,0,0,0,4.99,96.5,116.0,96.0,1,1
P100245,27,F,26.6,0,0,0,5.31,93.8,110.8,100.9,2,2
P100246,69,M,30.0,0,1,0,5.22,70.5,112.8,41.5,0,0
P100247,48,F,20.8,0,1,0,5.31,80.9,101.3,62.8,0,0
P100248,71,F,21.6,0,0,0,5.26,101.0,144.7,58.6,0,0
P100249,24,F,27.2,0,0,0,5.26,91.5,95.6,84.4,2,0
P100250,33,M,25.8,0,0,0,5.18,76.1,84.7,81.1,1,0
P100251,53,F,28.6,0,1,0,5.15,114.6,112.8,104.8,1,0
P100252,33,F,24.6,0,0,0,4.71,89.6,84.2,68.9,0,2
P100253,42,M,27.0,0,0,0,5.33,94.4,86.6,80.9,2,0
P100254,63,M,27.1,0,1,1,4.94,94.6,103.5,72.2,1,0
P100255,31,F,28.9,0,1,0,5.28,87.5,86.4,77.6,1,1
P100256,64,M,30.1,0,0,1,6.49,84.2,105.7,70.7,2,0
P100257,28,F,18.1,0,0,0,5.62,109.1,83.3,71.3,0,1
P100258,33,F,16.0,0,0,0,5.42,97.3,119.3,83.1,0,1
P100259,59,M,30.8,0,0,0,5.36,100.0,113.5,77.5,1,1
P100260,71,F,32.0,0,1,1,4.73,97.9,137.7,65.5,0,1
P100261,32,M,20.9,0,0,0,4.59,78.7,81.9,89.0,0,0
P100262,40,M,17.3,0,0,0,5.71,100.5,97.6,96.0,0,1
P100263,80,M,27.3,0,0,0,5.28,82.3,123.2,74.2,0,0
P100264,84,F,31.2,1,1,0,7.16,139.7,151.9,57.3,1,0
P100265,58,M,34.3,0,0,0,5.31,76.4,105.3,57.7,1,0
P100266,50,M,28.3,0,0,0,4.88,70.6,125.6,67.8,0,0
P100267,43,F,24.1,0,0,0,4.74,92.9,101.4,75.2,0,1
P100268,60,F,22.3,0,0,0,5.38,81.1,123.9,74.0,0,0
P100269,59,F,26.3,0,0,0,5.03,70.5,97.8,65.7,1,0
P100270,40,M,24.4,0,0,0,4.9,95.2,63.7,67.8,2,0
P100271,23,M,20.6,0,0,0,4.72,109.9,98.6,71.5,2,1
P100272,31,F,34.6,0,0,0,5.32,106.8,110.9,62.8,0,0
P100273,82,M,35.0,0,1,0,5.53,90.4,148.3,54.4,0,1
P100274,48,M,31.1,0,1,0,5.21,91.9,131.6,53.2,0,1
P100275,52,M,21.9,0,0,0,5.56,98.0,97.8,62.2,1,0
P100276,51,F,29.9,0,1,0,5.25,102.7,108.3,64.9,0,1
P100277,71,F,29.5,0,0,0,5.4,87.9,123.4,50.6,1,0
P100278,26,F,27.3,0,0,0,5.25,91.0,102.9,89.2,1,0
P100279,27,M,30.9,0,1,0,5.34,94.8,103.6,88.1,0,1
P100280,39,M,28.5,0,0,0,5.13,96.6,121.8,72.8,0,1
P100281,52,M,29.4,0,0,1,5.35,90.0,87.1,69.0,0,0
P100282,64,F,29.3,0,0,0,5.13,90.1,97.9,75.8,0,0
P100283,52,F,27.6,0,0,0,4.98,104.6,137.5,65.6,0,0
P100284,49,F,17.9,0,0,0,5.6,100.0,121.0,66.0,1,0
P100285,81,M,27.3,0,1,0,5.79,95.5,129.2,72.0,0,1
P100286,32,F,23.0,0,1,1,5.3,106.6,122.5,87.8,0,1
P100287,58,M,20.5,0,0,0,5.49,84.8,110.3,79.0,1,1
P100288,56,M,33.7,0,0,0,5.38,108.9,51.5,83.7,1,0
P100289,51,F,33.8,0,0,1,5.59,98.1,86.3,50.9,0,1
P100290,72,F,32.8,0,0,0,5.89,125.0,111.8,82.4,1,1
P100291,38,F,26.8,0,0,0,5.54,78.6,92.1,84.5,2,1
P100292,82,M,33.0,0,1,0,5.58,85.5,141.7,69.3,1,0
P100293,42,M,25.8,0,0,0,5.77,94.4,123.4,82.8,1,0
P100294,56,F,27.1,0,0,0,5.45,94.6,100.0,73.2,0,0
P100295,54,F,21.2,0,0,0,5.59,108.4,84.4,70.1,2,0
P100296,75,M,28.5,1,1,1,7.46,129.4,140.5,64.4,0,0
P100297,49,F,26.2,0,1,1,5.39,99.4,117.1,66.7,2,0
P100298,39,F,19.8,0,0,0,4.9,100.1,96.5,89.8,1,1
P100299,23,F,25.0,0,0,0,5.31,97.0,87.4,66.8,0,0
P100300,44,F,25.5,0,0,0,6.38,80.5,146.4,70.9,0,1
P100301,74,F,34.8,0,1,0,5.39,107.0,88.8,84.9,1,0
P100302,22,M,29.2,0,0,0,5.05,103.5,85.0,78.7,1,1
P100303,78,M,26.9,0,1,0,5.4,96.6,135.1,55.9,0,0
P100304,56,M,27.3,0,0,0,5.16,92.7,90.8,62.0,1,0
P100305,30,M,25.6,0,0,0,5.72,92.4,114.0,87.0,1,1
P100306,41,M,24.8,0,0,0,4.94,89.2,116.7,69.8,1,2
P100307,56,F,21.3,0,0,0,5.17,95.3,105.4,70.4,0,0
P100308,41,F,25.1,0,0,0,4.58,90.3,95.0,88.8,0,0
P100309,28,M,22.0,0,1,0,4.78,80.6,113.0,70.4,1,1
P100310,63,F,20.8,0,1,0,4.75,78.2,127.1,74.3,0,1
P100311,64,M,28.7,1,1,1,7.49,128.6,128.0,74.3,1,0
P100312,29,M,27.1,0,0,0,6.21,92.9,91.8,96.1,0,0
P100313,39,F,17.6,0,0,0,5.04,87.5,104.6,81.1,1,0
P100314,37,M,25.1,0,0,0,4.5,92.2,113.9,119.1,0,2
P100315,63,M,30.9,0,1,0,5.79,96.8,104.6,77.5,0,0
P100316,68,F,31.3,0,0,1,5.19,85.6,90.2,71.7,1,0
P100317,67,F,31.1,0,0,0,5.99,106.5,75.8,57.7,1,2
P100318,81,M,27.1,0,0,0,5.5,88.0,133.7,61.4,1,0
P100319,70,M,22.8,0,1,0,5.25,85.0,137.0,79.1,2,0
P100320,42,F,20.9,0,0,0,5.15,93.6,110.9,98.7,2,0
P100321,28,M,26.9,0,0,0,5.38,72.2,66.6,101.5,1,0
P100322,60,F,28.0,0,0,0,5.31,83.0,143.7,80.4,0,0
P100323,79,M,32.7,0,1,1,5.39,102.1,123.4,43.3,1,0
P100324,83,M,31.9,0,1,0,5.55,74.7,140.6,62.6,1,1
P100325,36,F,25.0,0,0,0,4.65,101.2,115.5,65.7,0,1
P100326,36,M,20.0,0,0,0,5.32,103.6,78.7,62.8,0,0
P100327,24,M,23.8,0,0,0,4.5,85.9,82.7,88.3,1,0
P100328,30,M,26.4,0,0,0,4.92,93.3,99.6,89.3,0,0
P100329,56,F,25.3,0,0,0,5.66,101.3,163.5,83.4,1,2
P100330,56,F,23.6,0,0,0,5.48,84.9,112.4,78.6,2,0
P100331,45,F,27.0,0,0,0,5.49,99.3,134.1,83.4,1,1
P100332,41,F,23.5,0,0,0,5.18,82.8,124.5,66.8,0,0
P100333,74,F,23.9,0,0,0,6.01,84.9,121.0,64.1,0,1
P100334,50,M,27.4,0,0,0,5.67,82.7,84.2,56.9,0,0
P100335,72,M,24.9,0,0,0,5.7,93.4,134.0,42.2,0,1
P100336,82,M,28.1,0,1,0,5.99,102.5,106.8,66.1,1,0
P100337,41,F,27.0,0,0,0,5.51,88.7,132.4,69.6,1,1
P100338,34,F,20.4,0,0,0,4.96,75.9,101.6,91.9,0,0
P100339,82,M,24.8,0,0,0,5.08,79.1,63.8,75.5,0,1
P100340,61,F,32.8,0,1,0,5.58,96.3,121.6,58.2,1,1
P100341,40,M,20.5,0,1,0,5.42,107.1,133.1,81.1,0,2
P100342,61,M,16.8,0,0,0,5.85,91.5,103.7,62.7,1,0
P100343,54,F,17.7,0,0,0,4.97,84.0,119.9,51.2,0,0
P100344,79,F,27.0,1,0,0,7.03,143.3,98.6,64.9,1,0
P100345,38,F,25.8,0,0,0,5.36,87.8,73.1,74.1,0,0
P100346,84,F,26.5,0,1,0,5.61,86.7,136.2,51.1,1,0
P100347,80,F,32.4,0,1,1,4.85,82.6,136.6,81.7,0,2
P100348,33,M,16.0,0,0,0,5.28,101.4,90.2,63.5,1,2
P100349,32,M,27.2,0,0,0,4.5,70.0,121.3,86.8,0,0
P100350,55,M,33.2,0,0,0,4.97,100.4,89.0,61.1,0,1
P100351,24,M,20.1,0,0,0,5.58,83.9,99.9,96.3,1,1
P100352,40,M,24.0,0,0,0,5.93,85.6,101.4,82.6,0,2
P100353,49,F,22.6,0,0,0,4.8,106.2,72.5,80.0,0,0
P100354,83,F,23.0,0,1,0,5.5,82.2,110.8,45.5,0,0
P100355,84,M,25.6,0,1,0,5.66,83.4,137.8,47.2,0,1
P100356,31,F,31.9,0,0,0,5.82,90.8,136.0,93.7,0,0
P100357,78,F,35.1,0,1,0,5.38,97.2,146.8,80.0,2,0
P100358,27,M,23.8,0,0,0,4.88,85.2,60.3,90.0,0,2
P100359,69,M,35.1,0,0,0,6.11,77.3,50.0,56.6,1,2
P100360,75,M,26.9,0,0,0,5.4,81.9,128.7,69.1,2,1
P100361,78,M,34.7,0,1,0,5.87,105.7,133.3,87.9,0,1
P100362,36,F,25.2,0,0,0,4.57,90.8,121.2,81.8,1,0
P100363,78,M,27.4,0,0,1,5.51,95.2,97.6,81.3,1,0
P100364,29,M,27.0,0,0,0,4.5,88.0,102.6,74.5,1,0
P100365,54,M,40.4,0,0,1,4.92,88.0,122.5,72.9,0,0
P100366,51,M,29.9,0,0,0,5.65,108.2,95.5,82.0,0,0
P100367,41,M,22.5,0,0,0,5.19,87.4,91.9,83.4,0,1
P100368,23,F,29.6,0,0,0,4.9,86.9,93.7,76.6,1,0
P100369,70,F,25.0,0,0,0,5.2,101.0,122.9,57.3,2,1
P100370,43,F,23.6,0,0,0,5.14,82.4,100.9,89.7,2,0
P100371,63,F,30.5,0,0,0,5.55,85.7,128.7,84.1,0,0
P100372,47,F,26.0,1,0,0,7.46,135.4,93.6,94.3,1,0
P100373,45,F,27.1,0,1,1,4.5,90.6,95.4,93.6,0,0
P100374,77,M,26.9,0,0,0,5.24,93.2,154.3,65.8,1,1
P100375,27,M,26.8,0,0,0,5.13,111.5,82.7,80.5,0,0
P100376,68,M,28.5,0,0,0,5.44,94.4,99.8,84.0,2,0
P100377,69,M,17.9,0,1,1,5.65,70.0,130.3,71.0,1,1
P100378,45,M,28.8,0,0,1,5.36,94.4,103.3,65.2,0,0
P100379,38,M,21.2,0,0,0,5.06,89.2,91.5,67.4,0,0
P100380,22,F,18.7,0,1,0,4.81,88.5,112.5,87.1,1,0
P100381,81,M,26.7,1,1,1,7.31,138.0,135.6,55.5,0,0
P100382,81,F,27.3,0,1,0,6.07,90.4,139.9,57.3,1,1
P100383,37,F,22.5,0,0,0,4.88,88.7,51.7,93.1,2,0
P100384,24,M,29.0,0,0,0,5.01,97.3,131.2,94.5,1,0
P100385,29,M,19.3,0,0,0,5.16,82.9,92.7,99.4,0,0
P100386,26,F,23.4,0,0,0,5.68,80.1,106.0,61.4,0,0
P100387,74,F,24.1,0,1,1,5.42,120.0,106.0,63.4,0,0
P100388,78,F,26.6,1,1,1,7.76,128.3,125.8,67.1,2,1
P100389,31,F,26.7,0,1,0,5.6,91.5,103.0,59.3,0,0
P100390,69,F,22.0,0,0,1,5.46,74.2,141.0,59.5,0,1
P100391,33,M,28.7,0,0,0,5.05,92.3,85.5,71.7,0,0
P100392,45,M,26.1,0,1,0,5.12,81.0,137.2,72.3,2,0
P100393,59,M,17.8,0,0,0,5.29,83.4,94.6,90.9,0,0
P100394,67,M,17.7,0,1,0,5.81,98.3,121.7,87.5,1,1
P100395,77,M,26.8,1,0,0,7.46,140.2,109.9,54.4,1,1
P100396,24,M,24.2,0,0,0,5.13,95.5,119.3,91.7,1,0
P100397,34,F,25.1,1,0,0,6.49,117.3,59.8,88.1,2,0
P100398,39,F,25.5,0,0,0,4.8,108.5,73.3,84.1,1,1
P100399,41,M,26.7,0,0,0,6.07,78.6,61.5,83.4,2,0
P100400,84,F,31.3,0,1,0,5.57,107.2,115.8,60.0,0,0
P100401,70,F,21.6,0,0,0,5.19,99.2,95.8,87.3,1,0
P100402,42,F,20.5,0,0,0,5.79,94.4,68.5,91.4,1,1
P100403,83,M,22.1,0,1,1,5.74,80.6,122.5,44.1,1,1
P100404,53,F,27.4,0,0,0,5.56,92.2,64.9,83.3,1,0
P100405,53,M,31.7,1,1,1,7.07,132.3,104.8,79.5,2,2
P100406,49,F,24.0,0,1,0,5.16,90.0,147.6,74.2,1,0
P100407,31,F,16.0,0,0,0,5.04,84.8,104.5,96.2,0,0
P100408,80,F,19.2,0,0,0,5.05,70.0,119.7,65.3,0,0
P100409,22,F,21.4,0,0,0,4.98,100.1,72.7,88.6,0,0
P100410,32,M,23.0,0,0,0,5.24,88.6,66.1,83.7,0,0
P100411,36,F,23.7,0,0,0,5.9,84.8,75.6,56.4,0,0
P100412,39,F,25.8,0,0,0,5.22,84.6,98.7,78.4,0,0
P100413,30,M,24.0,0,0,0,4.5,93.3,113.4,75.0,0,1
P100414,23,M,29.9,0,0,0,4.99,82.5,111.2,71.6,1,0
P100415,64,F,23.4,0,0,0,6.54,70.0,122.2,86.6,0,0
P100416,83,M,23.1,1,0,1,7.78,138.5,102.4,67.9,2,1
P100417,29,M,27.5,0,0,0,4.77,95.9,96.1,83.0,1,1
P100418,40,F,18.8,0,0,1,5.44,86.1,93.6,72.2,0,1
P100419,53,M,27.8,0,1,0,5.03,79.4,121.2,72.4,0,1
P100420,80,M,27.4,0,1,0,5.06,91.6,176.7,69.9,0,1
P100421,65,M,25.8,1,0,0,7.11,120.6,74.8,59.1,2,0
P100422,70,F,33.7,0,0,0,5.54,82.4,107.3,66.9,0,0
P100423,58,F,23.4,0,0,0,4.63,82.0,131.4,82.2,1,1
P100424,48,F,35.2,0,0,0,4.82,101.5,73.9,52.6,2,0
P100425,34,M,24.5,0,0,0,5.14,86.2,84.7,80.7,2,0
P100426,76,M,21.0,1,1,0,7.2,129.3,123.8,54.4,0,0
P100427,72,F,27.0,0,0,0,5.68,110.1,108.3,64.6,0,0
P100428,23,F,20.3,0,0,0,4.54,92.1,61.3,79.8,0,0
P100429,67,M,23.1,0,0,0,5.76,92.8,122.7,69.9,0,0
P100430,27,M,27.1,0,0,0,4.6,86.9,108.1,107.3,0,1
P100431,68,M,29.0,0,0,0,6.14,85.2,121.4,63.9,1,2
P100432,74,F,23.9,0,0,0,4.85,70.0,96.2,68.9,2,0
P100433,30,M,29.8,0,0,0,4.66,101.1,97.7,106.9,1,2
P100434,49,F,31.2,0,1,0,5.46,96.3,105.6,63.8,1,0
P100435,29,M,31.8,0,0,0,5.76,90.3,88.9,105.2,0,2
P100436,57,F,28.6,0,0,0,5.5,89.7,149.9,72.3,1,2
P100437,80,F,33.0,0,0,0,5.83,99.8,117.9,84.4,1,0
P100438,27,F,16.8,0,0,0,5.08,72.0,71.0,93.2,1,1
P100439,47,M,24.5,0,1,0,4.86,83.9,126.4,74.9,2,2
P100440,83,M,23.1,0,0,1,5.43,78.1,90.2,61.0,0,1
P100441,40,F,26.2,0,0,0,4.72,108.1,76.0,71.5,0,2
P100442,30,M,22.8,0,0,0,4.59,98.1,75.2,83.9,0,0
P100443,52,F,25.3,0,0,0,5.48,70.0,95.9,85.0,0,0
P100444,54,F,34.6,0,0,0,4.89,77.7,124.3,73.2,2,1
P100445,63,F,25.6,0,1,1,5.56,88.9,140.8,61.0,0,1
P100446,41,M,27.6,0,0,0,4.69,86.1,110.9,75.6,1,1
P100447,82,F,25.9,0,1,1,5.74,77.0,114.8,69.1,1,0
P100448,54,M,26.5,0,0,0,5.14,109.9,94.8,88.1,0,0
P100449,40,F,25.7,0,0,0,5.76,93.3,105.4,71.0,0,0
P100450,82,F,29.0,0,1,1,5.75,95.9,124.2,49.2,1,1
P100451,80,F,32.1,0,0,0,6.09,85.2,110.4,67.6,1,0
P100452,53,M,33.5,0,0,0,5.03,99.8,114.0,92.1,0,1
P100453,23,F,26.6,0,0,0,5.05,86.7,86.2,99.6,0,1
P100454,59,M,28.9,0,0,0,5.0,88.3,112.1,56.4,1,0
P100455,56,M,21.0,0,0,1,5.19,94.9,138.3,69.4,0,0
P100456,31,F,25.0,0,0,0,5.01,73.7,93.0,71.4,2,0
P100457,61,M,30.6,0,0,0,5.12,107.6,132.0,67.4,0,2
P100458,74,M,30.6,0,0,0,5.05,93.5,124.8,84.7,0,1
P100459,28,F,26.3,0,0,0,4.51,103.2,65.9,66.7,1,0
P100460,67,F,30.5,0,0,0,4.53,80.9,88.8,48.8,1,0
P100461,30,F,27.6,0,0,0,4.68,81.6,79.3,73.1,1,0
P100462,69,M,32.0,0,1,1,5.74,80.5,114.5,65.8,0,0
P100463,48,F,27.2,0,0,1,4.64,93.2,101.4,83.2,2,2
P100464,22,M,23.6,0,0,0,4.5,90.2,105.1,91.4,0,1
P100465,82,M,28.5,1,0,0,8.14,131.4,141.9,76.3,0,0
P100466,32,M,16.0,0,0,0,4.87,77.2,103.0,61.0,0,1
P100467,59,F,28.0,0,0,0,5.52,78.2,98.7,85.7,0,0
P100468,33,M,16.0,0,0,0,5.39,86.8,55.6,78.1,1,1
P100469,80,F,19.1,0,0,0,5.87,83.6,117.4,71.8,0,0
P100470,68,F,28.6,0,0,0,4.87,84.2,111.7,51.9,1,1
P100471,72,F,28.8,0,0,1,5.43,106.6,116.5,66.3,0,2
P100472,49,F,20.7,0,0,0,4.64,87.9,145.7,78.2,2,0
P100473,51,F,22.8,0,0,0,6.29,102.0,129.2,88.5,0,1
P100474,61,F,32.5,0,0,0,4.77,86.9,124.1,51.6,1,2
P100475,71,F,24.5,0,0,0,5.09,92.3,93.2,67.0,0,0
P100476,75,F,36.8,1,0,0,6.93,138.0,103.7,52.0,0,0
P100477,23,M,25.2,0,0,0,4.5,73.1,91.3,91.9,1,1
P100478,63,F,28.2,0,0,0,5.97,105.3,93.7,79.1,1,0
P100479,28,M,32.6,0,0,0,6.05,90.9,105.2,99.2,1,0
P100480,40,M,26.3,0,0,0,5.01,97.9,107.1,72.6,0,0
P100481,74,M,22.2,0,0,1,5.01,81.6,91.8,76.5,1,1
P100482,37,M,25.1,0,0,0,4.5,88.4,122.7,96.5,1,0
P100483,72,M,26.5,0,0,0,5.42,81.8,114.8,46.5,1,0
P100484,51,M,19.9,0,1,0,5.18,100.8,89.8,76.9,0,1
P100485,36,M,24.4,0,0,0,4.9,92.9,97.4,92.1,1,0
P100486,43,M,22.5,0,0,0,5.32,92.9,106.8,74.7,1,1
P100487,55,F,30.3,0,0,0,5.51,105.2,125.5,58.5,2,0
P100488,70,F,26.8,0,0,0,5.63,102.1,105.3,78.3,0,2
P100489,60,M,25.0,0,0,0,5.27,97.7,124.6,56.6,0,1
P100490,80,F,26.4,0,0,0,5.16,76.2,119.7,60.9,1,0
P100491,76,M,27.8,0,1,0,5.83,83.9,108.1,59.1,1,1
P100492,69,F,29.3,1,1,0,7.3,126.3,103.3,71.0,1,0
P100493,59,F,21.8,0,0,0,5.75,96.3,130.1,63.9,0,0
P100494,40,M,21.0,0,0,0,5.52,90.5,123.9,70.8,0,0
P100495,47,M,30.9,0,0,0,4.7,77.9,109.3,77.4,1,1
P100496,29,M,23.5,0,0,0,4.52,87.7,125.5,95.5,0,0
P100497,45,F,19.5,0,0,0,4.95,73.4,123.1,104.4,0,0
P100498,80,M,28.9,0,1,1,5.18,90.6,149.7,39.9,1,0
P100499,48,M,28.0,0,0,1,5.58,74.4,85.0,79.6,1,0
