patient_id,timestamp,heart_rate_bpm,hrv_rmssd_ms,cgm_mgdl,sleep_stage,steps
P100000,2026-08-01 00:00:00,64.3,52.1,96.2,1,6
P100000,2026-08-01 00:15:00,69.5,45.8,92.9,0,7
P100000,2026-08-01 00:30:00,66.9,51.1,88.8,1,6
P100000,2026-08-01 00:45:00,66.7,48.7,98.5,1,6
P100000,2026-08-01 01:00:00,65.1,52.0,88.9,0,6
P100000,2026-08-01 01:15:00,66.2,49.6,95.5,1,6
P100000,2026-08-01 01:30:00,67.9,44.0,91.9,1,5
P100000,2026-08-01 01:45:00,60.2,47.0,104.3,3,5
P100000,2026-08-01 02:00:00,67.1,50.1,92.4,2,5
P100000,2026-08-01 02:15:00,63.8,51.6,90.8,1,3
P100000,2026-08-01 02:30:00,65.5,49.4,87.3,0,9
P100000,2026-08-01 02:45:00,62.0,47.7,89.8,1,4
P100000,2026-08-01 03:00:00,68.2,51.3,98.2,1,6
P100000,2026-08-01 03:15:00,56.7,45.7,89.7,3,5
P100000,2026-08-01 03:30:00,58.9,44.1,91.3,2,3
P100000,2026-08-01 03:45:00,67.7,45.6,85.9,1,4
P100000,2026-08-01 04:00:00,64.9,48.2,90.3,3,3
P100000,2026-08-01 04:15:00,73.3,43.8,92.2,2,6
P100000,2026-08-01 04:30:00,69.3,45.9,94.0,1,8
P100000,2026-08-01 04:45:00,67.2,45.0,87.6,3,6
P100000,2026-08-01 05:00:00,63.7,52.5,90.1,3,4
P100000,2026-08-01 05:15:00,62.6,43.8,92.0,1,8
P100000,2026-08-01 05:30:00,65.4,45.8,92.9,1,6
P100000,2026-08-01 05:45:00,62.9,46.4,95.8,2,7
P100000,2026-08-01 06:00:00,63.9,42.2,98.3,2,7
P100000,2026-08-01 06:15:00,73.0,46.4,96.1,0,3
P100000,2026-08-01 06:30:00,78.2,49.5,85.2,0,7
P100000,2026-08-01 06:45:00,64.7,53.4,97.0,0,6
P100000,2026-08-01 07:00:00,67.1,43.7,89.0,0,87
P100000,2026-08-01 07:15:00,61.8,48.2,97.1,0,74
P100000,2026-08-01 07:30:00,68.7,50.9,111.9,0,86
P100000,2026-08-01 07:45:00,68.9,45.8,98.2,0,73
P100000,2026-08-01 08:00:00,63.3,46.6,99.9,0,75
P100000,2026-08-01 08:15:00,72.3,44.3,101.0,0,77
P100000,2026-08-01 08:30:00,68.3,42.8,107.9,0,75
P100000,2026-08-01 08:45:00,67.5,45.7,108.9,0,81
P100000,2026-08-01 09:00:00,64.1,51.2,117.5,0,88
P100000,2026-08-01 09:15:00,68.5,47.7,110.9,0,99
P100000,2026-08-01 09:30:00,66.3,47.1,121.5,0,93
P100000,2026-08-01 09:45:00,74.0,46.5,122.4,0,81
P100000,2026-08-01 10:00:00,74.4,47.0,128.0,0,71
P100000,2026-08-01 10:15:00,70.3,42.0,111.1,0,78
P100000,2026-08-01 10:30:00,65.4,49.6,115.0,0,76
P100000,2026-08-01 10:45:00,65.6,49.0,121.6,0,82
P100000,2026-08-01 11:00:00,66.2,44.8,127.2,0,87
P100000,2026-08-01 11:15:00,68.1,47.3,122.0,0,79
P100000,2026-08-01 11:30:00,68.9,48.2,131.0,0,88
P100000,2026-08-01 11:45:00,66.0,44.7,129.0,0,71
P100000,2026-08-01 12:00:00,74.9,44.7,117.7,0,72
P100000,2026-08-01 12:15:00,72.1,38.1,104.0,0,72
P100000,2026-08-01 12:30:00,68.1,47.2,110.8,0,88
P100000,2026-08-01 12:45:00,69.8,50.2,100.4,0,91
P100000,2026-08-01 13:00:00,72.2,51.1,114.6,0,93
P100000,2026-08-01 13:15:00,71.7,46.4,104.7,0,90
P100000,2026-08-01 13:30:00,76.7,43.1,97.6,0,78
P100000,2026-08-01 13:45:00,67.0,49.6,99.8,0,93
P100000,2026-08-01 14:00:00,68.6,42.7,105.7,0,85
P100000,2026-08-01 14:15:00,73.8,52.8,106.5,0,81
P100000,2026-08-01 14:30:00,72.8,46.1,100.3,0,75
P100000,2026-08-01 14:45:00,74.8,47.8,87.1,0,89
P100000,2026-08-01 15:00:00,73.2,47.3,88.9,0,89
P100000,2026-08-01 15:15:00,76.6,49.4,101.0,0,92
P100000,2026-08-01 15:30:00,78.6,48.8,93.7,0,75
P100000,2026-08-01 15:45:00,70.4,47.9,87.7,0,81
P100000,2026-08-01 16:00:00,67.9,49.7,100.0,0,95
P100000,2026-08-01 16:15:00,70.2,46.9,100.1,0,87
P100000,2026-08-01 16:30:00,76.8,52.9,98.8,0,77
P100000,2026-08-01 16:45:00,78.2,54.8,94.9,0,102
P100000,2026-08-01 17:00:00,79.6,50.5,136.2,0,93
P100000,2026-08-01 17:15:00,79.0,43.5,99.0,0,77
P100000,2026-08-01 17:30:00,80.7,46.9,105.7,0,87
P100000,2026-08-01 17:45:00,77.9,51.8,92.5,0,81
P100000,2026-08-01 18:00:00,82.6,50.4,94.6,0,88
P100000,2026-08-01 18:15:00,73.3,49.3,102.2,0,84
P100000,2026-08-01 18:30:00,77.8,52.4,91.1,0,88
P100000,2026-08-01 18:45:00,76.3,46.8,92.7,0,104
P100000,2026-08-01 19:00:00,74.6,49.8,95.8,0,96
P100000,2026-08-01 19:15:00,74.7,43.3,96.9,0,97
P100000,2026-08-01 19:30:00,79.0,52.6,84.9,0,89
P100000,2026-08-01 19:45:00,71.3,50.8,85.3,0,89
P100000,2026-08-01 20:00:00,79.1,52.3,95.3,0,103
P100000,2026-08-01 20:15:00,74.2,53.6,86.1,0,86
P100000,2026-08-01 20:30:00,76.6,52.3,97.2,0,82
P100000,2026-08-01 20:45:00,76.1,56.4,99.5,0,97
P100000,2026-08-01 21:00:00,72.3,47.7,86.7,0,91
P100000,2026-08-01 21:15:00,80.6,51.9,99.8,0,5
P100000,2026-08-01 21:30:00,78.6,53.1,97.2,0,7
P100000,2026-08-01 21:45:00,81.4,54.5,87.4,0,3
P100000,2026-08-01 22:00:00,75.7,53.7,89.8,0,1
P100000,2026-08-01 22:15:00,78.0,46.7,101.9,0,2
P100000,2026-08-01 22:30:00,75.4,55.0,94.8,0,6
P100000,2026-08-01 22:45:00,79.4,46.2,89.0,0,5
P100000,2026-08-01 23:00:00,70.7,59.0,91.6,3,0
P100000,2026-08-01 23:15:00,68.3,42.8,97.9,2,2
P100000,2026-08-01 23:30:00,69.1,47.9,96.2,2,13
P100000,2026-08-01 23:45:00,71.2,49.7,93.9,1,5
P100000,2026-08-02 00:00:00,69.5,46.3,106.5,1,7
P100000,2026-08-02 00:15:00,69.3,50.7,86.5,1,5
P100000,2026-08-02 00:30:00,69.9,46.8,108.0,0,3
P100000,2026-08-02 00:45:00,65.8,44.1,97.6,1,9
P100000,2026-08-02 01:00:00,68.2,50.6,129.0,1,3
P100000,2026-08-02 01:15:00,67.5,52.4,97.1,2,5
P100000,2026-08-02 01:30:00,66.2,54.5,92.1,1,13
P100000,2026-08-02 01:45:00,68.8,48.2,95.0,2,4
P100000,2026-08-02 02:00:00,57.2,53.7,92.1,1,1
P100000,2026-08-02 02:15:00,63.2,53.8,101.2,3,6
P100000,2026-08-02 02:30:00,60.1,54.9,104.0,1,6
P100000,2026-08-02 02:45:00,59.9,56.0,95.3,0,5
P100000,2026-08-02 03:00:00,60.9,52.6,106.4,1,5
P100000,2026-08-02 03:15:00,56.8,54.0,97.2,3,10
P100000,2026-08-02 03:30:00,67.3,47.4,95.6,0,12
P100000,2026-08-02 03:45:00,54.7,49.2,92.0,2,3
P100000,2026-08-02 04:00:00,57.4,53.6,90.7,1,7
P100000,2026-08-02 04:15:00,60.7,51.3,98.3,2,4
P100000,2026-08-02 04:30:00,60.2,56.9,81.6,1,2
P100000,2026-08-02 04:45:00,59.1,56.8,93.1,1,3
P100000,2026-08-02 05:00:00,62.2,53.8,100.0,3,8
P100000,2026-08-02 05:15:00,55.3,52.0,93.4,2,3
P100000,2026-08-02 05:30:00,57.0,53.7,89.1,3,4
P100000,2026-08-02 05:45:00,57.0,53.4,93.2,1,3
P100000,2026-08-02 06:00:00,60.8,57.9,97.9,2,7
P100000,2026-08-02 06:15:00,66.6,51.6,118.9,0,3
P100000,2026-08-02 06:30:00,58.0,54.7,98.7,0,2
P100000,2026-08-02 06:45:00,64.6,52.4,95.8,0,3
P100000,2026-08-02 07:00:00,66.3,52.5,97.4,0,113
P100000,2026-08-02 07:15:00,65.2,53.3,92.4,0,80
P100000,2026-08-02 07:30:00,66.2,51.4,90.9,0,97
P100000,2026-08-02 07:45:00,66.0,54.1,102.1,0,97
P100000,2026-08-02 08:00:00,64.8,46.1,106.9,0,73
P100000,2026-08-02 08:15:00,66.9,50.1,103.3,0,83
P100000,2026-08-02 08:30:00,58.4,52.3,100.2,0,73
P100000,2026-08-02 08:45:00,70.0,52.2,118.6,0,77
P100000,2026-08-02 09:00:00,62.6,51.2,111.8,0,90
P100000,2026-08-02 09:15:00,62.7,57.6,119.4,0,84
P100000,2026-08-02 09:30:00,66.3,49.8,117.0,0,90
P100000,2026-08-02 09:45:00,68.0,53.0,124.8,0,85
P100000,2026-08-02 10:00:00,68.2,52.3,128.7,0,90
P100000,2026-08-02 10:15:00,61.6,53.4,115.1,0,109
P100000,2026-08-02 10:30:00,63.5,57.6,125.0,0,116
P100000,2026-08-02 10:45:00,64.0,51.4,116.9,0,90
P100000,2026-08-02 11:00:00,59.5,54.2,132.3,0,97
P100000,2026-08-02 11:15:00,62.0,52.7,125.9,0,95
P100000,2026-08-02 11:30:00,74.3,53.1,117.6,0,95
P100000,2026-08-02 11:45:00,72.9,49.5,114.3,0,106
P100000,2026-08-02 12:00:00,66.3,54.2,118.5,0,99
P100000,2026-08-02 12:15:00,70.3,57.0,119.8,0,88
P100000,2026-08-02 12:30:00,71.4,56.7,120.8,0,82
P100000,2026-08-02 12:45:00,65.1,50.0,121.9,0,92
P100000,2026-08-02 13:00:00,67.2,54.0,108.5,0,83
P100000,2026-08-02 13:15:00,58.0,57.5,97.0,0,112
P100000,2026-08-02 13:30:00,76.5,53.7,100.1,0,79
P100000,2026-08-02 13:45:00,70.5,47.8,102.4,0,109
P100000,2026-08-02 14:00:00,62.3,51.3,107.3,0,104
P100000,2026-08-02 14:15:00,63.7,55.0,95.6,0,114
P100000,2026-08-02 14:30:00,68.6,53.9,100.9,0,78
P100000,2026-08-02 14:45:00,66.3,51.0,108.4,0,87
P100000,2026-08-02 15:00:00,73.7,54.3,101.6,0,80
P100000,2026-08-02 15:15:00,69.3,50.8,94.8,0,105
P100000,2026-08-02 15:30:00,65.9,59.6,98.2,0,106
P100000,2026-08-02 15:45:00,74.0,52.1,89.3,0,90
P100000,2026-08-02 16:00:00,69.5,49.9,97.0,0,98
P100000,2026-08-02 16:15:00,64.4,53.9,96.7,0,109
P100000,2026-08-02 16:30:00,72.2,52.9,92.2,0,87
P100000,2026-08-02 16:45:00,73.6,57.8,97.6,0,97
P100000,2026-08-02 17:00:00,68.0,54.3,93.3,0,97
P100000,2026-08-02 17:15:00,76.9,56.9,89.2,0,105
P100000,2026-08-02 17:30:00,73.2,54.8,98.4,0,88
P100000,2026-08-02 17:45:00,72.3,55.6,98.5,0,105
P100000,2026-08-02 18:00:00,77.8,55.7,95.7,0,112
P100000,2026-08-02 18:15:00,70.7,51.3,100.7,0,104
P100000,2026-08-02 18:30:00,81.3,53.8,114.2,0,93
P100000,2026-08-02 18:45:00,80.3,51.7,102.2,0,95
P100000,2026-08-02 19:00:00,72.8,57.0,96.1,0,109
P100000,2026-08-02 19:15:00,86.1,54.4,91.5,0,101
P100000,2026-08-02 19:30:00,79.5,50.9,98.9,0,83
P100000,2026-08-02 19:45:00,79.7,55.2,97.1,0,90
P100000,2026-08-02 20:00:00,79.8,43.5,97.7,0,80
P100000,2026-08-02 20:15:00,83.6,53.3,98.3,0,73
P100000,2026-08-02 20:30:00,74.2,47.2,98.5,0,89
P100000,2026-08-02 20:45:00,73.9,49.2,96.2,0,81
P100000,2026-08-02 21:00:00,79.6,49.6,88.7,0,101
P100000,2026-08-02 21:15:00,79.5,43.2,97.0,0,11
P100000,2026-08-02 21:30:00,85.4,46.7,98.8,0,2
P100000,2026-08-02 21:45:00,79.1,51.8,91.4,0,5
P100000,2026-08-02 22:00:00,73.7,47.3,91.6,0,8
P100000,2026-08-02 22:15:00,74.3,44.7,90.4,0,10
P100000,2026-08-02 22:30:00,78.8,44.3,100.7,0,6
P100000,2026-08-02 22:45:00,81.0,47.7,87.4,0,4
P100000,2026-08-02 23:00:00,70.9,49.0,94.1,2,3
P100000,2026-08-02 23:15:00,66.1,48.5,104.6,1,4
P100000,2026-08-02 23:30:00,75.9,44.4,93.9,0,6
P100000,2026-08-02 23:45:00,74.0,49.6,98.4,3,6
P100000,2026-08-03 00:00:00,74.4,51.5,96.6,1,5
P100000,2026-08-03 00:15:00,69.3,48.3,104.9,0,2
P100000,2026-08-03 00:30:00,64.7,46.8,95.0,3,7
P100000,2026-08-03 00:45:00,65.3,50.1,96.4,2,1
P100000,2026-08-03 01:00:00,68.1,43.5,92.6,1,5
P100000,2026-08-03 01:15:00,69.3,44.2,93.8,1,5
P100000,2026-08-03 01:30:00,66.0,49.0,97.1,3,6
P100000,2026-08-03 01:45:00,67.9,46.0,96.1,1,9
P100000,2026-08-03 02:00:00,63.2,45.4,100.9,1,9
P100000,2026-08-03 02:15:00,70.4,47.6,101.5,1,6
P100000,2026-08-03 02:30:00,60.0,42.7,94.7,2,4
P100000,2026-08-03 02:45:00,61.6,46.0,92.1,2,4
P100000,2026-08-03 03:00:00,59.8,45.5,93.5,2,3
P100000,2026-08-03 03:15:00,69.0,41.7,96.0,3,2
P100000,2026-08-03 03:30:00,60.7,51.6,95.6,3,5
P100000,2026-08-03 03:45:00,70.0,43.8,104.3,2,5
P100000,2026-08-03 04:00:00,67.0,42.5,86.9,1,5
P100000,2026-08-03 04:15:00,68.0,49.2,89.4,0,4
P100000,2026-08-03 04:30:00,63.0,47.4,97.9,0,2
P100000,2026-08-03 04:45:00,63.3,42.6,98.4,0,6
P100000,2026-08-03 05:00:00,58.8,47.9,92.4,2,4
P100000,2026-08-03 05:15:00,58.1,48.0,94.7,1,4
P100000,2026-08-03 05:30:00,56.4,49.6,94.0,3,5
P100000,2026-08-03 05:45:00,54.0,51.3,101.4,1,7
P100000,2026-08-03 06:00:00,52.3,50.2,102.3,1,6
P100000,2026-08-03 06:15:00,62.2,47.8,94.8,0,7
P100000,2026-08-03 06:30:00,67.1,47.0,97.7,0,5
P100000,2026-08-03 06:45:00,60.6,44.9,97.8,0,2
P100000,2026-08-03 07:00:00,67.4,46.3,101.4,0,82
P100000,2026-08-03 07:15:00,65.6,49.3,104.3,0,78
P100000,2026-08-03 07:30:00,72.2,52.4,95.7,0,79
P100000,2026-08-03 07:45:00,65.1,50.0,98.7,0,82
P100000,2026-08-03 08:00:00,67.6,46.9,97.3,0,73
P100000,2026-08-03 08:15:00,64.5,45.3,105.9,0,88
P100000,2026-08-03 08:30:00,60.2,54.6,106.9,0,77
P100000,2026-08-03 08:45:00,66.2,47.4,109.6,0,87
P100000,2026-08-03 09:00:00,73.6,48.7,120.0,0,61
P100000,2026-08-03 09:15:00,72.3,52.5,127.2,0,73
P100000,2026-08-03 09:30:00,71.8,45.5,120.4,0,100
P100000,2026-08-03 09:45:00,59.6,47.6,124.1,0,86
P100000,2026-08-03 10:00:00,67.8,44.4,117.8,0,76
P100000,2026-08-03 10:15:00,65.8,52.0,129.7,0,74
P100000,2026-08-03 10:30:00,68.3,49.2,124.2,0,85
P100000,2026-08-03 10:45:00,62.5,54.8,127.2,0,99
P100000,2026-08-03 11:00:00,62.3,48.2,124.4,0,63
P100000,2026-08-03 11:15:00,70.2,52.2,114.4,0,63
P100000,2026-08-03 11:30:00,65.6,49.4,130.4,0,67
P100000,2026-08-03 11:45:00,67.0,49.4,128.6,0,81
P100000,2026-08-03 12:00:00,73.1,48.7,117.2,0,86
P100000,2026-08-03 12:15:00,65.8,49.8,119.8,0,88
P100000,2026-08-03 12:30:00,64.5,47.0,107.5,0,80
P100000,2026-08-03 12:45:00,58.7,49.9,100.6,0,96
P100000,2026-08-03 13:00:00,66.5,47.9,116.2,0,85
P100000,2026-08-03 13:15:00,62.8,45.7,103.8,0,85
P100000,2026-08-03 13:30:00,68.4,50.5,109.3,0,76
P100000,2026-08-03 13:45:00,70.4,46.1,96.4,0,79
P100000,2026-08-03 14:00:00,67.5,49.4,103.0,0,68
P100000,2026-08-03 14:15:00,71.3,44.6,99.1,0,83
P100000,2026-08-03 14:30:00,69.1,51.1,94.4,0,76
P100000,2026-08-03 14:45:00,73.5,48.0,100.3,0,83
P100000,2026-08-03 15:00:00,70.9,43.8,96.9,0,73
P100000,2026-08-03 15:15:00,68.5,46.1,94.2,0,52
P100000,2026-08-03 15:30:00,70.9,50.9,94.3,0,85
P100000,2026-08-03 15:45:00,68.7,43.7,94.2,0,76
P100000,2026-08-03 16:00:00,71.2,47.5,98.8,0,68
P100000,2026-08-03 16:15:00,69.3,43.6,94.5,0,77
P100000,2026-08-03 16:30:00,70.1,44.1,99.9,0,75
P100000,2026-08-03 16:45:00,70.0,46.1,96.4,0,71
P100000,2026-08-03 17:00:00,77.2,49.4,99.7,0,73
P100000,2026-08-03 17:15:00,78.1,50.0,92.1,0,102
P100000,2026-08-03 17:30:00,78.5,50.8,95.3,0,97
P100000,2026-08-03 17:45:00,75.7,46.2,92.4,0,77
P100000,2026-08-03 18:00:00,73.1,50.6,99.8,0,99
P100000,2026-08-03 18:15:00,70.4,50.4,90.7,0,93
P100000,2026-08-03 18:30:00,69.6,50.4,95.6,0,80
P100000,2026-08-03 18:45:00,74.6,53.7,94.0,0,85
P100000,2026-08-03 19:00:00,75.6,47.5,92.4,0,79
P100000,2026-08-03 19:15:00,78.7,53.9,99.7,0,69
P100000,2026-08-03 19:30:00,78.1,49.5,89.7,0,95
P100000,2026-08-03 19:45:00,81.2,49.6,88.5,0,81
P100000,2026-08-03 20:00:00,75.1,48.7,87.4,0,88
P100000,2026-08-03 20:15:00,71.4,55.6,93.7,0,88
P100000,2026-08-03 20:30:00,75.9,45.8,90.5,0,97
P100000,2026-08-03 20:45:00,79.4,47.7,100.6,0,88
P100000,2026-08-03 21:00:00,79.8,54.0,93.5,0,81
P100000,2026-08-03 21:15:00,68.0,51.1,96.7,0,6
P100000,2026-08-03 21:30:00,73.1,47.6,95.7,0,2
P100000,2026-08-03 21:45:00,72.9,51.9,92.7,0,3
P100000,2026-08-03 22:00:00,79.0,52.5,99.0,0,5
P100000,2026-08-03 22:15:00,69.6,53.1,109.7,0,11
P100000,2026-08-03 22:30:00,72.3,47.0,94.5,0,5
P100000,2026-08-03 22:45:00,77.3,51.4,102.6,0,11
P100000,2026-08-03 23:00:00,71.9,45.1,87.0,0,7
P100000,2026-08-03 23:15:00,66.1,53.0,90.9,3,2
P100000,2026-08-03 23:30:00,67.4,48.6,90.8,2,4
P100000,2026-08-03 23:45:00,60.9,52.6,94.9,3,3
P100000,2026-08-04 00:00:00,66.8,51.5,94.2,3,4
P100000,2026-08-04 00:15:00,70.8,55.9,90.7,1,4
P100000,2026-08-04 00:30:00,66.5,53.7,99.3,3,6
P100000,2026-08-04 00:45:00,69.9,52.1,98.0,2,4
P100000,2026-08-04 01:00:00,72.1,58.5,96.3,1,2
P100000,2026-08-04 01:15:00,62.7,52.3,91.9,3,5
P100000,2026-08-04 01:30:00,62.4,50.9,100.6,2,5
P100000,2026-08-04 01:45:00,61.0,49.6,84.1,1,3
P100000,2026-08-04 02:00:00,63.7,50.6,100.5,1,6
P100000,2026-08-04 02:15:00,69.0,54.2,93.2,1,6
P100000,2026-08-04 02:30:00,68.7,53.5,91.0,1,5
P100000,2026-08-04 02:45:00,66.8,48.9,98.2,3,9
P100000,2026-08-04 03:00:00,62.8,52.7,96.7,1,1
P100000,2026-08-04 03:15:00,62.5,50.1,87.9,2,4
P100000,2026-08-04 03:30:00,55.3,51.2,96.6,3,6
P100000,2026-08-04 03:45:00,64.6,45.4,91.6,2,7
P100000,2026-08-04 04:00:00,56.9,47.6,84.3,1,9
P100000,2026-08-04 04:15:00,60.1,48.7,109.1,0,1
P100000,2026-08-04 04:30:00,56.8,53.0,102.8,1,6
P100000,2026-08-04 04:45:00,52.5,60.2,91.0,2,5
P100000,2026-08-04 05:00:00,54.3,43.3,93.2,1,8
P100000,2026-08-04 05:15:00,58.5,52.2,91.3,1,5
P100000,2026-08-04 05:30:00,56.4,47.7,93.7,3,6
P100000,2026-08-04 05:45:00,50.1,55.9,111.9,3,3
P100000,2026-08-04 06:00:00,55.6,50.8,97.0,1,7
P100000,2026-08-04 06:15:00,65.9,46.1,97.4,0,3
P100000,2026-08-04 06:30:00,67.6,47.2,91.2,0,6
P100000,2026-08-04 06:45:00,71.8,44.9,82.0,0,3
P100000,2026-08-04 07:00:00,68.2,48.0,101.4,0,83
P100000,2026-08-04 07:15:00,72.5,54.5,94.8,0,85
P100000,2026-08-04 07:30:00,63.5,47.8,102.4,0,77
P100000,2026-08-04 07:45:00,66.7,55.7,93.7,0,93
P100000,2026-08-04 08:00:00,59.1,54.0,106.2,0,90
P100000,2026-08-04 08:15:00,57.8,50.8,102.6,0,100
P100000,2026-08-04 08:30:00,60.3,45.7,112.5,0,79
P100000,2026-08-04 08:45:00,72.4,50.2,110.4,0,94
P100000,2026-08-04 09:00:00,57.6,54.3,114.2,0,113
P100000,2026-08-04 09:15:00,65.1,49.6,115.3,0,111
P100000,2026-08-04 09:30:00,66.6,49.4,118.4,0,85
P100000,2026-08-04 09:45:00,64.0,49.5,126.3,0,101
P100000,2026-08-04 10:00:00,65.4,50.9,139.6,0,97
P100000,2026-08-04 10:15:00,67.8,54.6,122.4,0,95
P100000,2026-08-04 10:30:00,62.8,56.1,123.8,0,104
P100000,2026-08-04 10:45:00,66.2,56.1,127.1,0,86
P100000,2026-08-04 11:00:00,63.4,53.7,136.1,0,88
P100000,2026-08-04 11:15:00,68.2,54.7,130.3,0,100
P100000,2026-08-04 11:30:00,61.6,51.3,133.9,0,107
P100000,2026-08-04 11:45:00,66.9,52.2,117.2,0,87
P100000,2026-08-04 12:00:00,67.4,48.0,124.3,0,97
P100000,2026-08-04 12:15:00,62.8,50.4,115.5,0,127
P100000,2026-08-04 12:30:00,67.1,52.0,114.4,0,86
P100000,2026-08-04 12:45:00,66.7,57.1,109.8,0,104
P100000,2026-08-04 13:00:00,70.6,48.4,104.9,0,92
P100000,2026-08-04 13:15:00,72.4,52.4,109.6,0,80
P100000,2026-08-04 13:30:00,67.6,50.3,105.2,0,74
P100000,2026-08-04 13:45:00,71.5,52.7,95.5,0,97
P100000,2026-08-04 14:00:00,77.8,48.1,93.3,0,82
P100000,2026-08-04 14:15:00,71.6,54.9,103.1,0,93
P100000,2026-08-04 14:30:00,70.0,53.9,92.1,0,103
P100000,2026-08-04 14:45:00,69.7,54.3,103.1,0,100
P100000,2026-08-04 15:00:00,70.5,50.9,99.1,0,99
P100000,2026-08-04 15:15:00,72.6,50.7,96.3,0,88
P100000,2026-08-04 15:30:00,69.2,52.8,91.4,0,80
P100000,2026-08-04 15:45:00,67.0,49.9,96.2,0,102
P100000,2026-08-04 16:00:00,73.6,50.8,96.9,0,82
P100000,2026-08-04 16:15:00,75.8,52.6,91.7,0,100
P100000,2026-08-04 16:30:00,65.3,47.4,99.5,0,97
P100000,2026-08-04 16:45:00,77.5,53.7,105.0,0,99
P100000,2026-08-04 17:00:00,77.4,51.6,105.7,0,84
P100000,2026-08-04 17:15:00,68.0,52.0,98.5,0,83
P100000,2026-08-04 17:30:00,70.4,54.1,94.2,0,85
P100000,2026-08-04 17:45:00,74.2,59.0,98.0,0,88
P100000,2026-08-04 18:00:00,79.3,43.7,94.2,0,72
P100000,2026-08-04 18:15:00,78.8,45.8,89.0,0,79
P100000,2026-08-04 18:30:00,79.4,47.9,94.4,0,91
P100000,2026-08-04 18:45:00,74.7,46.7,91.5,0,90
P100000,2026-08-04 19:00:00,72.0,53.0,93.2,0,87
P100000,2026-08-04 19:15:00,83.2,51.3,92.2,0,95
P100000,2026-08-04 19:30:00,79.5,57.8,99.2,0,101
P100000,2026-08-04 19:45:00,80.0,58.5,102.7,0,91
P100000,2026-08-04 20:00:00,68.6,50.9,93.2,0,100
P100000,2026-08-04 20:15:00,76.9,56.1,89.3,0,101
P100000,2026-08-04 20:30:00,74.6,47.2,100.3,0,84
P100000,2026-08-04 20:45:00,78.6,55.8,97.1,0,108
P100000,2026-08-04 21:00:00,82.8,55.9,93.1,0,79
P100000,2026-08-04 21:15:00,76.9,51.5,100.6,0,6
P100000,2026-08-04 21:30:00,80.4,53.1,91.2,0,6
P100000,2026-08-04 21:45:00,69.5,47.7,98.4,0,4
P100000,2026-08-04 22:00:00,81.5,52.4,95.7,0,5
P100000,2026-08-04 22:15:00,83.2,49.8,96.3,0,7
P100000,2026-08-04 22:30:00,75.1,49.5,97.2,0,1
P100000,2026-08-04 22:45:00,74.1,52.6,100.6,0,4
P100000,2026-08-04 23:00:00,68.6,48.4,103.9,1,3
P100000,2026-08-04 23:15:00,67.6,47.8,100.3,3,3
P100000,2026-08-04 23:30:00,60.3,52.4,99.6,1,6
P100000,2026-08-04 23:45:00,63.5,54.5,90.0,1,6
P100000,2026-08-05 00:00:00,73.2,44.9,97.6,2,5
P100000,2026-08-05 00:15:00,70.4,48.1,96.9,1,3
P100000,2026-08-05 00:30:00,57.8,50.7,88.6,0,5
P100000,2026-08-05 00:45:00,74.3,48.0,95.8,3,1
P100000,2026-08-05 01:00:00,59.0,47.5,103.9,0,8
P100000,2026-08-05 01:15:00,58.9,51.5,94.1,2,5
P100000,2026-08-05 01:30:00,67.4,47.0,99.6,0,7
P100000,2026-08-05 01:45:00,54.8,50.5,95.3,2,9
P100000,2026-08-05 02:00:00,76.6,52.3,92.3,3,3
P100000,2026-08-05 02:15:00,62.9,46.9,83.0,1,3
P100000,2026-08-05 02:30:00,62.2,49.3,96.0,2,2
P100000,2026-08-05 02:45:00,59.0,54.3,98.0,1,3
P100000,2026-08-05 03:00:00,62.8,48.4,97.6,3,8
P100000,2026-08-05 03:15:00,55.9,48.1,93.8,1,2
P100000,2026-08-05 03:30:00,63.7,52.6,102.1,0,7
P100000,2026-08-05 03:45:00,61.4,54.6,90.5,1,3
P100000,2026-08-05 04:00:00,62.4,50.6,105.4,3,3
P100000,2026-08-05 04:15:00,63.5,52.6,97.6,2,4
P100000,2026-08-05 04:30:00,61.2,56.2,101.6,3,7
P100000,2026-08-05 04:45:00,62.0,51.9,101.7,0,4
P100000,2026-08-05 05:00:00,58.9,51.3,97.0,3,6
P100000,2026-08-05 05:15:00,60.1,48.1,96.8,1,3
P100000,2026-08-05 05:30:00,61.2,54.9,97.4,3,5
P100000,2026-08-05 05:45:00,56.8,54.8,87.1,2,3
P100000,2026-08-05 06:00:00,60.7,43.4,100.4,3,7
P100000,2026-08-05 06:15:00,71.6,52.7,95.8,0,2
P100000,2026-08-05 06:30:00,71.8,46.5,103.0,0,7
P100000,2026-08-05 06:45:00,67.7,49.7,97.5,0,6
P100000,2026-08-05 07:00:00,59.0,47.0,98.5,0,103
P100000,2026-08-05 07:15:00,64.1,50.0,94.0,0,64
P100000,2026-08-05 07:30:00,61.7,44.7,88.2,0,70
P100000,2026-08-05 07:45:00,74.0,53.2,97.5,0,84
P100000,2026-08-05 08:00:00,60.2,54.4,107.1,0,99
P100000,2026-08-05 08:15:00,72.6,51.1,105.6,0,83
P100000,2026-08-05 08:30:00,63.4,55.3,111.1,0,84
P100000,2026-08-05 08:45:00,66.4,56.1,111.7,0,89
P100000,2026-08-05 09:00:00,69.3,48.5,113.8,0,68
P100000,2026-08-05 09:15:00,67.2,52.3,114.4,0,77
P100000,2026-08-05 09:30:00,66.9,54.8,123.8,0,79
P100000,2026-08-05 09:45:00,57.4,49.6,118.8,0,96
P100000,2026-08-05 10:00:00,65.8,44.1,121.6,0,83
P100000,2026-08-05 10:15:00,70.2,50.7,130.2,0,75
P100000,2026-08-05 10:30:00,63.3,48.6,119.8,0,83
P100000,2026-08-05 10:45:00,60.4,42.1,129.0,0,81
P100000,2026-08-05 11:00:00,69.2,52.3,118.3,0,94
P100000,2026-08-05 11:15:00,69.2,50.8,126.9,0,88
P100000,2026-08-05 11:30:00,67.2,45.6,124.3,0,82
P100000,2026-08-05 11:45:00,66.9,51.9,121.4,0,88
P100000,2026-08-05 12:00:00,62.3,54.8,117.0,0,83
P100000,2026-08-05 12:15:00,70.2,45.6,106.8,0,89
P100000,2026-08-05 12:30:00,69.9,55.4,112.3,0,79
P100000,2026-08-05 12:45:00,64.3,52.8,111.8,0,86
P100000,2026-08-05 13:00:00,66.3,51.2,111.9,0,86
P100000,2026-08-05 13:15:00,68.6,48.6,111.1,0,84
P100000,2026-08-05 13:30:00,61.8,56.9,98.2,0,72
P100000,2026-08-05 13:45:00,61.9,55.1,108.3,0,97
P100000,2026-08-05 14:00:00,64.5,50.0,100.3,0,96
P100000,2026-08-05 14:15:00,67.6,48.2,102.6,0,76
P100000,2026-08-05 14:30:00,76.0,52.1,89.2,0,95
P100000,2026-08-05 14:45:00,79.4,51.1,93.1,0,73
P100000,2026-08-05 15:00:00,74.7,53.0,95.2,0,88
P100000,2026-08-05 15:15:00,79.3,42.1,98.7,0,85
P100000,2026-08-05 15:30:00,72.2,52.6,90.9,0,94
P100000,2026-08-05 15:45:00,63.7,47.8,94.2,0,99
P100000,2026-08-05 16:00:00,73.5,53.0,89.4,0,78
P100000,2026-08-05 16:15:00,76.9,51.9,100.7,0,80
P100000,2026-08-05 16:30:00,69.2,50.9,88.5,0,69
P100000,2026-08-05 16:45:00,71.4,56.3,95.7,0,100
P100000,2026-08-05 17:00:00,72.5,46.3,96.3,0,80
P100000,2026-08-05 17:15:00,77.0,49.2,95.1,0,95
P100000,2026-08-05 17:30:00,74.0,48.2,94.9,0,97
P100000,2026-08-05 17:45:00,73.7,51.3,94.8,0,90
P100000,2026-08-05 18:00:00,79.6,50.0,95.3,0,77
P100000,2026-08-05 18:15:00,70.8,49.9,90.8,0,76
P100000,2026-08-05 18:30:00,76.2,45.1,92.5,0,79
P100000,2026-08-05 18:45:00,78.4,45.1,90.8,0,79
P100000,2026-08-05 19:00:00,79.9,54.6,98.6,0,60
P100000,2026-08-05 19:15:00,78.5,45.6,91.1,0,65
P100000,2026-08-05 19:30:00,79.3,45.6,91.1,0,89
P100000,2026-08-05 19:45:00,74.3,46.9,104.9,0,87
P100000,2026-08-05 20:00:00,80.2,48.9,87.0,0,65
P100000,2026-08-05 20:15:00,82.2,44.4,99.2,0,81
P100000,2026-08-05 20:30:00,76.9,46.4,95.1,0,81
P100000,2026-08-05 20:45:00,77.4,45.6,93.0,0,60
P100000,2026-08-05 21:00:00,75.5,52.6,99.4,0,68
P100000,2026-08-05 21:15:00,82.7,47.4,97.2,0,3
P100000,2026-08-05 21:30:00,73.9,50.8,100.4,0,6
P100000,2026-08-05 21:45:00,71.8,55.4,87.1,0,7
P100000,2026-08-05 22:00:00,73.2,51.1,95.2,0,9
P100000,2026-08-05 22:15:00,74.0,47.1,101.5,0,4
P100000,2026-08-05 22:30:00,75.5,53.0,87.6,0,4
P100000,2026-08-05 22:45:00,77.7,56.4,94.2,0,5
P100000,2026-08-05 23:00:00,63.5,48.3,99.2,3,6
P100000,2026-08-05 23:15:00,59.9,53.4,98.8,0,5
P100000,2026-08-05 23:30:00,71.4,46.9,89.0,1,6
P100000,2026-08-05 23:45:00,64.5,54.6,94.0,3,6
P100000,2026-08-06 00:00:00,72.4,47.9,87.7,1,4
P100000,2026-08-06 00:15:00,73.4,49.4,104.0,1,2
P100000,2026-08-06 00:30:00,68.9,49.3,94.6,3,6
P100000,2026-08-06 00:45:00,68.0,53.7,99.9,2,2
P100000,2026-08-06 01:00:00,67.4,48.7,95.1,2,6
P100000,2026-08-06 01:15:00,63.3,47.2,94.2,1,5
P100000,2026-08-06 01:30:00,66.1,47.2,93.5,3,5
P100000,2026-08-06 01:45:00,70.0,49.8,95.4,1,6
P100000,2026-08-06 02:00:00,67.7,43.8,83.5,1,6
P100000,2026-08-06 02:15:00,62.7,46.8,96.5,1,2
P100000,2026-08-06 02:30:00,74.3,43.2,96.1,1,5
P100000,2026-08-06 02:45:00,70.0,54.1,94.6,3,2
P100000,2026-08-06 03:00:00,64.8,45.3,106.4,3,3
P100000,2026-08-06 03:15:00,69.3,46.1,85.4,1,3
P100000,2026-08-06 03:30:00,70.5,47.6,102.0,0,4
P100000,2026-08-06 03:45:00,67.3,46.3,99.0,1,9
P100000,2026-08-06 04:00:00,71.9,49.2,91.8,1,10
P100000,2026-08-06 04:15:00,71.9,48.0,93.3,0,1
P100000,2026-08-06 04:30:00,57.9,45.9,100.9,3,11
P100000,2026-08-06 04:45:00,63.0,45.4,93.7,1,6
P100000,2026-08-06 05:00:00,58.7,44.5,91.0,1,4
P100000,2026-08-06 05:15:00,64.0,47.4,97.9,1,3
P100000,2026-08-06 05:30:00,56.7,42.5,96.5,1,3
P100000,2026-08-06 05:45:00,70.9,42.8,101.3,2,5
P100000,2026-08-06 06:00:00,61.2,43.6,91.5,1,7
P100000,2026-08-06 06:15:00,75.0,46.6,96.2,0,5
P100000,2026-08-06 06:30:00,72.7,43.1,96.2,0,12
P100000,2026-08-06 06:45:00,68.4,43.7,90.9,0,10
P100000,2026-08-06 07:00:00,73.6,45.7,97.0,0,78
P100000,2026-08-06 07:15:00,71.8,41.9,101.8,0,89
P100000,2026-08-06 07:30:00,62.7,46.8,105.8,0,67
P100000,2026-08-06 07:45:00,71.0,44.5,104.5,0,89
P100000,2026-08-06 08:00:00,73.2,47.3,109.0,0,88
P100000,2026-08-06 08:15:00,73.6,41.5,113.3,0,73
P100000,2026-08-06 08:30:00,72.2,46.4,106.2,0,63
P100000,2026-08-06 08:45:00,70.4,43.3,111.2,0,62
P100000,2026-08-06 09:00:00,69.4,43.9,104.0,0,66
P100000,2026-08-06 09:15:00,68.6,46.1,121.0,0,66
P100000,2026-08-06 09:30:00,71.9,47.4,123.4,0,65
P100000,2026-08-06 09:45:00,68.9,38.2,119.4,0,82
P100000,2026-08-06 10:00:00,71.4,45.6,118.2,0,72
P100000,2026-08-06 10:15:00,68.1,46.8,126.5,0,72
P100000,2026-08-06 10:30:00,72.6,41.3,120.6,0,81
P100000,2026-08-06 10:45:00,74.8,48.0,116.0,0,67
P100000,2026-08-06 11:00:00,70.0,43.7,123.7,0,78
P100000,2026-08-06 11:15:00,67.6,46.3,129.5,0,86
P100000,2026-08-06 11:30:00,65.4,43.9,130.4,0,69
P100000,2026-08-06 11:45:00,74.7,42.0,124.3,0,73
P100000,2026-08-06 12:00:00,70.8,39.8,118.2,0,72
P100000,2026-08-06 12:15:00,70.7,49.6,112.1,0,71
P100000,2026-08-06 12:30:00,72.2,42.2,117.1,0,61
P100000,2026-08-06 12:45:00,73.8,41.6,117.6,0,84
P100000,2026-08-06 13:00:00,72.4,39.6,101.1,0,57
P100000,2026-08-06 13:15:00,77.4,45.0,109.1,0,72
P100000,2026-08-06 13:30:00,74.5,43.0,112.7,0,64
P100000,2026-08-06 13:45:00,63.9,45.8,97.9,0,76
P100000,2026-08-06 14:00:00,79.9,40.5,100.3,0,77
P100000,2026-08-06 14:15:00,84.8,44.3,93.2,0,86
P100000,2026-08-06 14:30:00,74.8,43.8,94.5,0,78
P100000,2026-08-06 14:45:00,70.2,46.8,96.1,0,73
P100000,2026-08-06 15:00:00,77.8,38.7,103.9,0,70
P100000,2026-08-06 15:15:00,75.1,46.7,94.8,0,76
P100000,2026-08-06 15:30:00,75.7,45.6,100.8,0,66
P100000,2026-08-06 15:45:00,80.0,38.1,101.9,0,76
P100000,2026-08-06 16:00:00,75.2,48.6,98.1,0,72
P100000,2026-08-06 16:15:00,76.5,39.0,96.9,0,70
P100000,2026-08-06 16:30:00,82.2,43.9,92.4,0,73
P100000,2026-08-06 16:45:00,81.9,38.8,96.4,0,75
P100000,2026-08-06 17:00:00,83.8,48.0,88.9,0,71
P100000,2026-08-06 17:15:00,79.4,43.3,91.4,0,68
P100000,2026-08-06 17:30:00,83.1,45.4,98.8,0,70
P100000,2026-08-06 17:45:00,80.3,48.3,92.1,0,74
P100000,2026-08-06 18:00:00,83.1,39.9,97.5,0,71
P100000,2026-08-06 18:15:00,77.0,51.1,100.6,0,58
P100000,2026-08-06 18:30:00,79.6,37.9,95.5,0,57
P100000,2026-08-06 18:45:00,80.4,42.9,90.9,0,52
P100000,2026-08-06 19:00:00,82.2,43.7,90.7,0,81
P100000,2026-08-06 19:15:00,85.0,36.6,93.9,0,72
P100000,2026-08-06 19:30:00,88.0,41.3,97.8,0,64
P100000,2026-08-06 19:45:00,78.9,45.7,99.4,0,78
P100000,2026-08-06 20:00:00,86.5,42.1,96.9,0,72
P100000,2026-08-06 20:15:00,80.7,40.0,100.3,0,71
P100000,2026-08-06 20:30:00,85.3,45.2,92.9,0,57
P100000,2026-08-06 20:45:00,75.1,47.0,90.0,0,58
P100000,2026-08-06 21:00:00,83.2,39.5,96.8,0,68
P100000,2026-08-06 21:15:00,74.5,46.2,97.4,0,9
P100000,2026-08-06 21:30:00,77.2,40.1,85.5,0,4
P100000,2026-08-06 21:45:00,81.5,41.2,94.6,0,5
P100000,2026-08-06 22:00:00,80.4,41.4,96.7,0,5
P100000,2026-08-06 22:15:00,78.5,41.6,83.5,0,5
P100000,2026-08-06 22:30:00,77.6,36.8,89.0,0,9
P100000,2026-08-06 22:45:00,79.9,44.4,93.2,0,4
P100000,2026-08-06 23:00:00,72.5,40.8,93.7,2,5
P100000,2026-08-06 23:15:00,74.0,42.3,93.5,1,8
P100000,2026-08-06 23:30:00,77.4,43.5,103.2,3,8
P100000,2026-08-06 23:45:00,76.3,43.3,94.6,1,10
P100000,2026-08-07 00:00:00,68.8,45.0,90.2,1,3
P100000,2026-08-07 00:15:00,69.5,42.1,96.6,2,2
P100000,2026-08-07 00:30:00,83.2,37.3,94.6,2,5
P100000,2026-08-07 00:45:00,73.3,39.2,109.1,2,7
P100000,2026-08-07 01:00:00,63.9,42.4,99.1,2,4
P100000,2026-08-07 01:15:00,74.1,45.1,99.4,0,7
P100000,2026-08-07 01:30:00,71.3,42.7,89.5,1,1
P100000,2026-08-07 01:45:00,68.8,38.7,89.7,2,5
P100000,2026-08-07 02:00:00,75.8,41.4,88.0,1,5
P100000,2026-08-07 02:15:00,67.6,38.7,88.2,1,3
P100000,2026-08-07 02:30:00,65.1,45.7,113.6,1,6
P100000,2026-08-07 02:45:00,77.9,36.5,91.1,3,4
P100000,2026-08-07 03:00:00,69.6,44.5,107.3,3,8
P100000,2026-08-07 03:15:00,70.8,37.3,123.1,1,4
P100000,2026-08-07 03:30:00,66.4,43.3,86.7,1,2
P100000,2026-08-07 03:45:00,72.3,40.5,107.7,1,3
P100000,2026-08-07 04:00:00,62.5,41.1,94.7,2,4
P100000,2026-08-07 04:15:00,64.4,38.1,97.6,0,12
P100000,2026-08-07 04:30:00,75.6,39.6,96.2,3,4
P100000,2026-08-07 04:45:00,69.2,37.6,120.5,3,3
P100000,2026-08-07 05:00:00,69.6,41.8,95.0,2,4
P100000,2026-08-07 05:15:00,70.4,42.3,99.1,3,5
P100000,2026-08-07 05:30:00,67.5,42.1,96.0,2,6
P100000,2026-08-07 05:45:00,65.7,42.6,95.1,1,5
P100000,2026-08-07 06:00:00,68.9,40.6,100.0,2,3
P100000,2026-08-07 06:15:00,69.2,38.6,103.5,0,7
P100000,2026-08-07 06:30:00,68.7,39.4,91.7,0,2
P100000,2026-08-07 06:45:00,74.7,42.5,103.4,0,5
P100000,2026-08-07 07:00:00,80.3,41.5,107.1,0,48
P100000,2026-08-07 07:15:00,69.6,41.1,100.7,0,56
P100000,2026-08-07 07:30:00,68.3,40.2,96.0,0,57
P100000,2026-08-07 07:45:00,76.6,38.2,110.3,0,53
P100000,2026-08-07 08:00:00,72.9,37.5,102.1,0,60
P100000,2026-08-07 08:15:00,71.6,37.4,106.9,0,65
P100000,2026-08-07 08:30:00,68.0,40.4,110.6,0,68
P100000,2026-08-07 08:45:00,64.2,43.8,115.2,0,53
P100000,2026-08-07 09:00:00,77.4,39.0,112.5,0,57
P100000,2026-08-07 09:15:00,74.9,43.3,111.8,0,60
P100000,2026-08-07 09:30:00,73.6,37.4,129.2,0,60
P100000,2026-08-07 09:45:00,70.9,40.0,119.6,0,52
P100000,2026-08-07 10:00:00,68.5,42.9,129.8,0,56
P100000,2026-08-07 10:15:00,71.5,42.7,115.3,0,72
P100000,2026-08-07 10:30:00,72.6,42.5,125.3,0,58
P100000,2026-08-07 10:45:00,68.1,41.1,126.0,0,80
P100000,2026-08-07 11:00:00,84.4,43.2,130.6,0,67
P100000,2026-08-07 11:15:00,63.1,41.4,120.1,0,55
P100000,2026-08-07 11:30:00,76.0,39.4,134.0,0,67
P100000,2026-08-07 11:45:00,65.4,40.6,124.9,0,53
P100000,2026-08-07 12:00:00,73.9,44.7,116.7,0,73
P100000,2026-08-07 12:15:00,70.8,41.5,109.6,0,68
P100000,2026-08-07 12:30:00,71.3,43.0,116.1,0,79
P100000,2026-08-07 12:45:00,71.7,38.7,102.9,0,49
P100000,2026-08-07 13:00:00,70.4,39.1,107.7,0,62
P100000,2026-08-07 13:15:00,78.4,43.5,108.4,0,51
P100000,2026-08-07 13:30:00,77.5,38.0,107.8,0,56
P100000,2026-08-07 13:45:00,77.0,41.3,106.6,0,62
P100000,2026-08-07 14:00:00,76.4,33.9,94.3,0,62
P100000,2026-08-07 14:15:00,78.0,43.9,101.5,0,50
P100000,2026-08-07 14:30:00,74.7,38.9,100.5,0,55
P100000,2026-08-07 14:45:00,78.1,43.7,94.0,0,49
P100000,2026-08-07 15:00:00,84.3,40.2,117.1,0,65
P100000,2026-08-07 15:15:00,77.7,40.9,92.7,0,59
P100000,2026-08-07 15:30:00,73.4,39.8,88.9,0,57
P100000,2026-08-07 15:45:00,85.0,40.6,102.5,0,73
P100000,2026-08-07 16:00:00,83.4,38.9,100.6,0,60
P100000,2026-08-07 16:15:00,76.3,38.5,103.6,0,57
P100000,2026-08-07 16:30:00,84.7,39.6,102.5,0,52
P100000,2026-08-07 16:45:00,70.9,40.7,90.3,0,40
P100000,2026-08-07 17:00:00,82.6,44.4,101.3,0,56
P100000,2026-08-07 17:15:00,78.4,39.9,92.1,0,71
P100000,2026-08-07 17:30:00,78.2,33.4,103.8,0,62
P100000,2026-08-07 17:45:00,78.5,42.9,105.8,0,63
P100000,2026-08-07 18:00:00,83.8,37.9,101.6,0,51
P100000,2026-08-07 18:15:00,83.6,36.6,100.2,0,62
P100000,2026-08-07 18:30:00,83.9,39.0,106.9,0,56
P100000,2026-08-07 18:45:00,89.7,38.0,92.4,0,61
P100000,2026-08-07 19:00:00,86.4,32.4,94.3,0,57
P100000,2026-08-07 19:15:00,89.0,38.8,96.2,0,46
P100000,2026-08-07 19:30:00,88.6,40.3,95.6,0,72
P100000,2026-08-07 19:45:00,85.4,45.2,101.0,0,51
P100000,2026-08-07 20:00:00,87.5,32.3,97.8,0,66
P100000,2026-08-07 20:15:00,90.4,34.6,95.6,0,50
P100000,2026-08-07 20:30:00,88.7,39.9,99.7,0,39
P100000,2026-08-07 20:45:00,89.5,36.0,96.6,0,59
P100000,2026-08-07 21:00:00,91.1,39.7,101.2,0,66
P100000,2026-08-07 21:15:00,86.6,32.2,94.4,0,5
P100000,2026-08-07 21:30:00,89.1,36.9,92.2,0,6
P100000,2026-08-07 21:45:00,84.2,38.7,98.2,0,7
P100000,2026-08-07 22:00:00,85.7,33.6,90.5,0,4
P100000,2026-08-07 22:15:00,82.6,38.0,95.6,0,2
P100000,2026-08-07 22:30:00,87.6,36.0,97.6,0,10
P100000,2026-08-07 22:45:00,92.7,35.6,99.8,0,4
P100000,2026-08-07 23:00:00,82.1,38.6,94.7,1,6
P100000,2026-08-07 23:15:00,86.1,32.9,109.4,1,10
P100000,2026-08-07 23:30:00,81.9,39.4,95.3,1,5
P100000,2026-08-07 23:45:00,80.6,32.5,101.8,0,4
P100000,2026-08-08 00:00:00,79.4,34.7,112.1,1,8
P100000,2026-08-08 00:15:00,80.4,36.9,92.5,1,6
P100000,2026-08-08 00:30:00,71.8,35.1,100.6,3,2
P100000,2026-08-08 00:45:00,76.7,39.3,100.5,2,6
P100000,2026-08-08 01:00:00,70.5,37.8,101.9,2,6
P100000,2026-08-08 01:15:00,75.6,35.3,96.3,2,4
P100000,2026-08-08 01:30:00,76.2,41.5,97.2,1,5
P100000,2026-08-08 01:45:00,71.2,40.1,102.1,3,9
P100000,2026-08-08 02:00:00,73.0,39.4,96.9,2,4
P100000,2026-08-08 02:15:00,73.9,45.1,101.5,1,2
P100000,2026-08-08 02:30:00,62.2,37.6,103.8,2,3
P100000,2026-08-08 02:45:00,62.4,47.0,91.9,2,5
P100000,2026-08-08 03:00:00,75.2,41.1,104.5,1,3
P100000,2026-08-08 03:15:00,69.4,42.6,93.7,2,10
P100000,2026-08-08 03:30:00,67.8,41.1,94.5,1,12
P100000,2026-08-08 03:45:00,74.1,38.3,90.9,1,2
P100000,2026-08-08 04:00:00,70.4,44.0,94.4,1,1
P100000,2026-08-08 04:15:00,67.6,35.8,87.8,1,3
P100000,2026-08-08 04:30:00,70.6,42.2,98.5,0,2
P100000,2026-08-08 04:45:00,63.0,36.1,103.2,2,6
P100000,2026-08-08 05:00:00,67.3,45.6,94.0,1,8
P100000,2026-08-08 05:15:00,66.1,36.5,100.1,1,3
P100000,2026-08-08 05:30:00,65.2,42.0,94.0,0,3
P100000,2026-08-08 05:45:00,66.8,37.6,119.2,1,2
P100000,2026-08-08 06:00:00,64.2,44.7,98.2,1,4
P100000,2026-08-08 06:15:00,71.9,39.8,97.1,0,10
P100000,2026-08-08 06:30:00,73.7,43.5,102.2,0,6
P100000,2026-08-08 06:45:00,72.7,45.9,98.8,0,8
P100000,2026-08-08 07:00:00,76.0,43.9,98.9,0,66
P100000,2026-08-08 07:15:00,71.5,42.4,104.0,0,79
P100000,2026-08-08 07:30:00,63.4,45.7,99.5,0,67
P100000,2026-08-08 07:45:00,62.7,43.4,96.6,0,78
P100000,2026-08-08 08:00:00,72.6,44.3,103.2,0,67
P100000,2026-08-08 08:15:00,66.9,37.3,124.9,0,63
P100000,2026-08-08 08:30:00,69.7,44.7,106.8,0,78
P100000,2026-08-08 08:45:00,69.6,40.0,97.6,0,70
P100000,2026-08-08 09:00:00,69.7,43.7,120.7,0,77
P100000,2026-08-08 09:15:00,69.5,40.7,121.4,0,71
P100000,2026-08-08 09:30:00,77.2,39.4,118.7,0,86
P100000,2026-08-08 09:45:00,71.3,43.8,118.0,0,81
P100000,2026-08-08 10:00:00,78.7,45.9,125.9,0,70
P100000,2026-08-08 10:15:00,71.2,39.5,125.4,0,88
P100000,2026-08-08 10:30:00,76.8,47.1,123.6,0,72
P100000,2026-08-08 10:45:00,72.2,43.0,119.0,0,60
P100000,2026-08-08 11:00:00,70.5,41.0,129.2,0,78
P100000,2026-08-08 11:15:00,73.7,38.6,129.8,0,57
P100000,2026-08-08 11:30:00,72.7,39.2,118.7,0,57
P100000,2026-08-08 11:45:00,72.5,44.4,129.7,0,63
P100000,2026-08-08 12:00:00,82.3,39.1,107.4,0,68
P100000,2026-08-08 12:15:00,82.3,38.9,119.3,0,55
P100000,2026-08-08 12:30:00,75.8,38.1,118.1,0,78
P100000,2026-08-08 12:45:00,77.4,40.9,103.6,0,61
P100000,2026-08-08 13:00:00,78.0,34.3,107.0,0,68
P100000,2026-08-08 13:15:00,78.0,41.9,108.7,0,71
P100000,2026-08-08 13:30:00,77.3,42.6,97.8,0,72
P100000,2026-08-08 13:45:00,78.4,38.1,105.3,0,56
P100000,2026-08-08 14:00:00,76.9,42.5,108.1,0,57
P100000,2026-08-08 14:15:00,80.5,41.4,91.0,0,58
P100000,2026-08-08 14:30:00,79.1,45.3,99.0,0,61
P100000,2026-08-08 14:45:00,82.8,48.2,95.3,0,67
P100000,2026-08-08 15:00:00,71.9,44.7,96.9,0,69
P100000,2026-08-08 15:15:00,80.6,42.3,103.7,0,72
P100000,2026-08-08 15:30:00,74.6,41.5,101.3,0,65
P100000,2026-08-08 15:45:00,79.2,41.3,100.9,0,80
P100000,2026-08-08 16:00:00,75.3,40.3,100.3,0,73
P100000,2026-08-08 16:15:00,88.8,39.7,96.4,0,53
P100000,2026-08-08 16:30:00,84.0,40.5,98.5,0,72
P100000,2026-08-08 16:45:00,89.2,41.6,96.2,0,73
P100000,2026-08-08 17:00:00,77.3,46.7,92.1,0,88
P100000,2026-08-08 17:15:00,81.9,32.4,96.7,0,65
P100000,2026-08-08 17:30:00,81.3,38.1,95.1,0,77
P100000,2026-08-08 17:45:00,81.6,44.6,97.6,0,53
P100000,2026-08-08 18:00:00,89.7,40.4,92.7,0,73
P100000,2026-08-08 18:15:00,86.3,36.7,90.0,0,59
P100000,2026-08-08 18:30:00,78.6,41.2,89.8,0,77
P100000,2026-08-08 18:45:00,84.8,46.0,100.6,0,76
P100000,2026-08-08 19:00:00,91.9,41.0,101.7,0,55
P100000,2026-08-08 19:15:00,93.5,38.7,88.3,0,58
P100000,2026-08-08 19:30:00,81.7,43.1,99.6,0,67
P100000,2026-08-08 19:45:00,90.0,37.8,95.0,0,54
P100000,2026-08-08 20:00:00,86.0,45.9,95.5,0,79
P100000,2026-08-08 20:15:00,78.9,40.7,100.0,0,60
P100000,2026-08-08 20:30:00,80.9,50.7,99.0,0,83
P100000,2026-08-08 20:45:00,83.4,43.8,91.4,0,68
P100000,2026-08-08 21:00:00,84.9,40.9,97.3,0,54
P100000,2026-08-08 21:15:00,82.2,40.5,102.1,0,3
P100000,2026-08-08 21:30:00,87.9,46.1,91.3,0,6
P100000,2026-08-08 21:45:00,87.1,35.4,97.4,0,4
P100000,2026-08-08 22:00:00,80.9,42.9,102.7,0,7
P100000,2026-08-08 22:15:00,82.9,42.4,95.0,0,4
P100000,2026-08-08 22:30:00,80.8,38.4,91.8,0,8
P100000,2026-08-08 22:45:00,89.6,41.0,88.3,0,4
P100000,2026-08-08 23:00:00,69.6,38.3,94.7,0,8
P100000,2026-08-08 23:15:00,76.0,40.4,102.7,2,7
P100000,2026-08-08 23:30:00,81.4,40.1,97.0,1,7
P100000,2026-08-08 23:45:00,77.0,41.1,99.1,2,5
P100000,2026-08-09 00:00:00,69.0,40.8,99.8,0,5
P100000,2026-08-09 00:15:00,75.0,35.3,75.0,1,8
P100000,2026-08-09 00:30:00,74.1,41.3,89.7,1,3
P100000,2026-08-09 00:45:00,75.7,37.9,91.1,3,7
P100000,2026-08-09 01:00:00,71.7,34.3,100.0,3,7
P100000,2026-08-09 01:15:00,81.7,32.0,97.5,1,4
P100000,2026-08-09 01:30:00,68.2,33.3,104.7,2,5
P100000,2026-08-09 01:45:00,76.9,38.7,96.4,0,5
P100000,2026-08-09 02:00:00,75.1,33.2,99.1,3,8
P100000,2026-08-09 02:15:00,73.7,38.1,104.5,1,8
P100000,2026-08-09 02:30:00,70.6,37.9,102.7,0,7
P100000,2026-08-09 02:45:00,68.1,38.0,99.7,1,4
P100000,2026-08-09 03:00:00,74.8,33.7,103.3,3,5
P100000,2026-08-09 03:15:00,65.8,40.6,92.2,1,1
P100000,2026-08-09 03:30:00,69.1,37.4,94.3,2,5
P100000,2026-08-09 03:45:00,69.6,38.3,109.5,1,4
P100000,2026-08-09 04:00:00,66.7,42.6,98.9,2,6
P100000,2026-08-09 04:15:00,70.7,36.5,92.7,1,5
P100000,2026-08-09 04:30:00,70.4,27.2,105.5,1,1
P100000,2026-08-09 04:45:00,64.7,36.2,92.4,3,6
P100000,2026-08-09 05:00:00,72.6,39.9,92.1,1,5
P100000,2026-08-09 05:15:00,73.4,39.2,99.2,1,4
P100000,2026-08-09 05:30:00,69.4,34.8,100.3,3,5
P100000,2026-08-09 05:45:00,62.3,33.1,99.6,1,6
P100000,2026-08-09 06:00:00,58.4,37.3,91.8,1,4
P100000,2026-08-09 06:15:00,73.1,33.1,98.5,0,8
P100000,2026-08-09 06:30:00,74.4,33.1,94.4,0,8
P100000,2026-08-09 06:45:00,74.7,33.8,96.8,0,4
P100000,2026-08-09 07:00:00,71.4,35.9,95.5,0,63
P100000,2026-08-09 07:15:00,80.6,37.7,90.6,0,51
P100000,2026-08-09 07:30:00,70.0,29.8,104.4,0,55
P100000,2026-08-09 07:45:00,75.6,37.0,101.9,0,65
P100000,2026-08-09 08:00:00,72.3,41.5,101.1,0,53
P100000,2026-08-09 08:15:00,68.3,32.8,104.5,0,55
P100000,2026-08-09 08:30:00,75.6,32.0,111.3,0,53
P100000,2026-08-09 08:45:00,79.9,31.5,123.2,0,52
P100000,2026-08-09 09:00:00,81.2,28.3,109.8,0,54
P100000,2026-08-09 09:15:00,72.5,32.7,111.3,0,53
P100000,2026-08-09 09:30:00,77.0,39.7,121.9,0,50
P100000,2026-08-09 09:45:00,82.7,36.0,121.1,0,50
P100000,2026-08-09 10:00:00,70.0,33.5,129.0,0,43
P100000,2026-08-09 10:15:00,72.1,35.3,129.5,0,46
P100000,2026-08-09 10:30:00,75.0,34.5,127.1,0,47
P100000,2026-08-09 10:45:00,82.7,35.0,126.1,0,60
P100000,2026-08-09 11:00:00,82.1,34.0,127.8,0,58
P100000,2026-08-09 11:15:00,79.6,31.9,126.0,0,61
P100000,2026-08-09 11:30:00,69.1,35.6,128.7,0,57
P100000,2026-08-09 11:45:00,73.1,31.7,118.7,0,48
P100000,2026-08-09 12:00:00,79.1,30.5,122.1,0,57
P100000,2026-08-09 12:15:00,83.2,31.6,126.0,0,43
P100000,2026-08-09 12:30:00,80.7,37.4,119.1,0,44
P100000,2026-08-09 12:45:00,74.5,33.1,122.3,0,52
P100000,2026-08-09 13:00:00,78.6,36.7,109.9,0,55
P100000,2026-08-09 13:15:00,84.8,37.2,107.7,0,49
P100000,2026-08-09 13:30:00,77.7,35.7,100.8,0,62
P100000,2026-08-09 13:45:00,79.6,36.4,108.0,0,40
P100000,2026-08-09 14:00:00,80.8,31.1,104.1,0,42
P100000,2026-08-09 14:15:00,82.7,35.9,96.6,0,55
P100000,2026-08-09 14:30:00,80.7,40.1,98.0,0,50
P100000,2026-08-09 14:45:00,86.6,32.4,90.0,0,46
P100000,2026-08-09 15:00:00,80.7,34.0,97.0,0,32
P100000,2026-08-09 15:15:00,76.3,35.3,100.9,0,65
P100000,2026-08-09 15:30:00,78.5,38.5,98.0,0,57
P100000,2026-08-09 15:45:00,83.7,39.2,94.5,0,49
P100000,2026-08-09 16:00:00,75.3,36.5,89.7,0,52
P100000,2026-08-09 16:15:00,76.7,35.1,100.7,0,57
P100000,2026-08-09 16:30:00,78.2,39.0,94.1,0,40
P100000,2026-08-09 16:45:00,79.9,40.4,104.8,0,62
P100000,2026-08-09 17:00:00,86.9,45.1,98.9,0,58
P100000,2026-08-09 17:15:00,86.3,36.4,99.3,0,51
P100000,2026-08-09 17:30:00,87.5,43.9,93.8,0,59
P100000,2026-08-09 17:45:00,85.8,37.0,94.7,0,60
P100000,2026-08-09 18:00:00,81.2,34.2,119.3,0,52
P100000,2026-08-09 18:15:00,86.2,41.9,101.8,0,59
P100000,2026-08-09 18:30:00,85.2,36.6,98.2,0,47
P100000,2026-08-09 18:45:00,91.0,42.1,89.8,0,65
P100000,2026-08-09 19:00:00,80.7,36.4,96.1,0,64
P100000,2026-08-09 19:15:00,88.2,37.4,94.8,0,48
P100000,2026-08-09 19:30:00,86.2,37.8,97.7,0,36
P100000,2026-08-09 19:45:00,88.3,37.3,123.6,0,69
P100000,2026-08-09 20:00:00,80.6,38.8,99.9,0,60
P100000,2026-08-09 20:15:00,87.7,35.6,93.9,0,63
P100000,2026-08-09 20:30:00,90.9,42.2,88.0,0,63
P100000,2026-08-09 20:45:00,95.8,40.0,100.1,0,39
P100000,2026-08-09 21:00:00,84.7,39.0,98.3,0,51
P100000,2026-08-09 21:15:00,87.6,35.9,106.1,0,7
P100000,2026-08-09 21:30:00,84.5,33.0,93.4,0,3
P100000,2026-08-09 21:45:00,79.9,39.0,104.0,0,5
P100000,2026-08-09 22:00:00,85.3,37.9,103.4,0,5
P100000,2026-08-09 22:15:00,91.2,33.6,95.4,0,8
P100000,2026-08-09 22:30:00,86.9,37.8,91.3,0,8
P100000,2026-08-09 22:45:00,84.6,33.3,96.5,0,1
P100000,2026-08-09 23:00:00,78.0,32.9,97.1,0,6
P100000,2026-08-09 23:15:00,76.8,37.1,101.3,3,7
P100000,2026-08-09 23:30:00,75.2,42.0,105.5,2,8
P100000,2026-08-09 23:45:00,81.2,34.4,102.0,1,4
P100000,2026-08-10 00:00:00,83.9,31.7,96.4,3,8
P100000,2026-08-10 00:15:00,75.4,38.0,97.0,3,4
P100000,2026-08-10 00:30:00,78.4,38.4,106.5,1,5
P100000,2026-08-10 00:45:00,74.7,38.7,97.9,1,5
P100000,2026-08-10 01:00:00,80.4,40.3,100.1,1,1
P100000,2026-08-10 01:15:00,84.4,32.8,99.1,0,7
P100000,2026-08-10 01:30:00,78.0,42.5,97.9,1,4
P100000,2026-08-10 01:45:00,75.9,39.6,97.8,3,3
P100000,2026-08-10 02:00:00,74.2,38.3,105.1,1,5
P100000,2026-08-10 02:15:00,72.6,39.2,102.8,1,4
P100000,2026-08-10 02:30:00,68.2,31.3,99.4,1,5
P100000,2026-08-10 02:45:00,68.2,36.8,90.8,1,5
P100000,2026-08-10 03:00:00,80.6,35.0,95.5,1,12
P100000,2026-08-10 03:15:00,71.2,34.8,95.3,0,6
P100000,2026-08-10 03:30:00,72.9,32.5,94.6,1,6
P100000,2026-08-10 03:45:00,67.3,35.9,107.7,2,2
P100000,2026-08-10 04:00:00,77.7,30.2,98.2,2,7
P100000,2026-08-10 04:15:00,70.5,32.6,93.3,3,5
P100000,2026-08-10 04:30:00,76.3,34.8,96.0,1,7
P100000,2026-08-10 04:45:00,71.5,34.1,95.7,3,5
P100000,2026-08-10 05:00:00,66.0,34.8,90.8,1,3
P100000,2026-08-10 05:15:00,63.3,32.9,100.9,3,3
P100000,2026-08-10 05:30:00,65.1,39.5,94.3,1,4
P100000,2026-08-10 05:45:00,65.4,39.3,91.7,3,4
P100000,2026-08-10 06:00:00,66.1,33.0,86.8,2,5
P100000,2026-08-10 06:15:00,77.7,32.2,102.6,0,6
P100000,2026-08-10 06:30:00,78.8,33.5,97.6,0,7
P100000,2026-08-10 06:45:00,77.9,32.2,100.2,0,5
P100000,2026-08-10 07:00:00,74.0,32.0,94.9,0,61
P100000,2026-08-10 07:15:00,76.6,38.3,105.1,0,44
P100000,2026-08-10 07:30:00,78.8,33.9,103.8,0,49
P100000,2026-08-10 07:45:00,76.7,42.5,110.3,0,46
P100000,2026-08-10 08:00:00,68.1,33.1,106.4,0,51
P100000,2026-08-10 08:15:00,74.5,34.5,96.7,0,44
P100000,2026-08-10 08:30:00,74.5,30.7,110.8,0,41
P100000,2026-08-10 08:45:00,79.1,32.1,111.3,0,44
P100000,2026-08-10 09:00:00,77.9,35.7,125.0,0,58
P100000,2026-08-10 09:15:00,67.5,39.0,108.2,0,44
P100000,2026-08-10 09:30:00,75.7,30.0,118.4,0,51
P100000,2026-08-10 09:45:00,78.8,35.9,121.5,0,44
P100000,2026-08-10 10:00:00,79.0,29.9,130.2,0,33
P100000,2026-08-10 10:15:00,76.0,34.1,120.2,0,60
P100000,2026-08-10 10:30:00,70.5,36.7,120.4,0,54
P100000,2026-08-10 10:45:00,77.9,38.2,126.0,0,54
P100000,2026-08-10 11:00:00,72.0,36.9,134.9,0,65
P100000,2026-08-10 11:15:00,78.8,38.7,130.6,0,50
P100000,2026-08-10 11:30:00,78.0,38.7,119.0,0,50
P100000,2026-08-10 11:45:00,72.5,34.7,125.3,0,41
P100000,2026-08-10 12:00:00,80.3,38.2,121.9,0,53
P100000,2026-08-10 12:15:00,85.1,29.4,116.1,0,50
P100000,2026-08-10 12:30:00,73.8,33.2,116.4,0,38
P100000,2026-08-10 12:45:00,78.1,37.4,114.4,0,53
P100000,2026-08-10 13:00:00,74.5,33.3,105.4,0,52
P100000,2026-08-10 13:15:00,84.0,39.5,103.6,0,49
P100000,2026-08-10 13:30:00,77.4,33.0,99.5,0,48
P100000,2026-08-10 13:45:00,79.5,35.6,103.3,0,53
P100000,2026-08-10 14:00:00,75.9,35.2,107.9,0,45
P100000,2026-08-10 14:15:00,82.5,36.4,102.9,0,51
P100000,2026-08-10 14:30:00,78.6,34.1,99.7,0,38
P100000,2026-08-10 14:45:00,83.3,31.7,97.9,0,38
P100000,2026-08-10 15:00:00,82.5,34.5,100.5,0,43
P100000,2026-08-10 15:15:00,87.1,35.1,92.9,0,47
P100000,2026-08-10 15:30:00,84.4,31.7,104.7,0,59
P100000,2026-08-10 15:45:00,88.3,31.5,95.5,0,60
P100000,2026-08-10 16:00:00,81.4,33.9,100.0,0,52
P100000,2026-08-10 16:15:00,81.7,32.4,93.0,0,47
P100000,2026-08-10 16:30:00,79.9,33.2,98.3,0,59
P100000,2026-08-10 16:45:00,85.2,36.9,86.1,0,48
P100000,2026-08-10 17:00:00,87.4,32.1,99.1,0,56
P100000,2026-08-10 17:15:00,90.8,30.3,110.3,0,55
P100000,2026-08-10 17:30:00,83.2,33.6,101.4,0,45
P100000,2026-08-10 17:45:00,92.4,35.1,102.9,0,45
P100000,2026-08-10 18:00:00,85.2,34.0,98.2,0,54
P100000,2026-08-10 18:15:00,92.2,36.6,98.1,0,60
P100000,2026-08-10 18:30:00,87.9,35.6,101.0,0,42
P100000,2026-08-10 18:45:00,85.4,27.9,98.3,0,45
P100000,2026-08-10 19:00:00,89.7,32.3,95.3,0,47
P100000,2026-08-10 19:15:00,89.1,33.6,99.6,0,46
P100000,2026-08-10 19:30:00,90.8,30.9,109.0,0,42
P100000,2026-08-10 19:45:00,92.7,29.2,102.0,0,50
P100000,2026-08-10 20:00:00,88.6,30.6,101.0,0,60
P100000,2026-08-10 20:15:00,89.5,36.2,95.1,0,43
P100000,2026-08-10 20:30:00,87.5,36.1,98.2,0,48
P100000,2026-08-10 20:45:00,84.0,31.7,101.3,0,57
P100000,2026-08-10 21:00:00,93.2,36.8,92.9,0,44
P100000,2026-08-10 21:15:00,81.0,43.2,92.4,0,6
P100000,2026-08-10 21:30:00,85.1,34.7,106.0,0,4
P100000,2026-08-10 21:45:00,89.9,32.2,105.0,0,6
P100000,2026-08-10 22:00:00,81.8,37.0,99.8,0,3
P100000,2026-08-10 22:15:00,82.2,35.2,97.9,0,3
P100000,2026-08-10 22:30:00,88.6,35.8,97.7,0,2
P100000,2026-08-10 22:45:00,90.5,37.6,101.0,0,6
P100000,2026-08-10 23:00:00,83.2,40.9,102.8,3,7
P100000,2026-08-10 23:15:00,79.6,34.6,98.0,2,6
P100000,2026-08-10 23:30:00,75.1,37.3,96.0,2,7
P100000,2026-08-10 23:45:00,79.4,33.4,100.2,2,6
P100000,2026-08-11 00:00:00,67.6,38.2,97.4,1,4
P100000,2026-08-11 00:15:00,78.0,33.8,96.4,0,3
P100000,2026-08-11 00:30:00,83.5,31.8,102.6,2,3
P100000,2026-08-11 00:45:00,78.0,28.6,98.8,1,6
P100000,2026-08-11 01:00:00,78.0,35.6,99.3,3,8
P100000,2026-08-11 01:15:00,73.7,35.3,91.8,1,4
P100000,2026-08-11 01:30:00,79.6,36.0,91.3,3,3
P100000,2026-08-11 01:45:00,69.8,32.7,93.9,0,4
P100000,2026-08-11 02:00:00,76.8,28.2,100.4,2,7
P100000,2026-08-11 02:15:00,77.4,31.3,94.3,3,4
P100000,2026-08-11 02:30:00,76.9,34.7,95.9,3,5
P100000,2026-08-11 02:45:00,75.5,34.4,102.2,1,2
P100000,2026-08-11 03:00:00,70.3,36.8,100.2,1,6
P100000,2026-08-11 03:15:00,70.2,34.9,99.7,3,2
P100000,2026-08-11 03:30:00,74.3,35.0,104.2,3,5
P100000,2026-08-11 03:45:00,70.0,38.4,96.5,2,4
P100000,2026-08-11 04:00:00,71.4,33.1,98.0,3,7
P100000,2026-08-11 04:15:00,69.6,37.5,100.0,1,5
P100000,2026-08-11 04:30:00,70.4,36.3,90.3,1,2
P100000,2026-08-11 04:45:00,69.1,31.5,94.6,2,4
P100000,2026-08-11 05:00:00,69.4,34.9,96.2,1,1
P100000,2026-08-11 05:15:00,71.8,37.5,108.9,3,5
P100000,2026-08-11 05:30:00,68.0,35.1,96.6,3,7
P100000,2026-08-11 05:45:00,77.8,37.6,109.3,0,3
P100000,2026-08-11 06:00:00,71.6,37.1,92.5,1,4
P100000,2026-08-11 06:15:00,71.0,33.2,96.1,0,4
P100000,2026-08-11 06:30:00,86.4,28.5,100.8,0,5
P100000,2026-08-11 06:45:00,81.6,33.3,89.8,0,6
P100000,2026-08-11 07:00:00,74.3,39.6,95.9,0,48
P100000,2026-08-11 07:15:00,82.4,38.9,99.5,0,57
P100000,2026-08-11 07:30:00,75.2,39.0,101.8,0,49
P100000,2026-08-11 07:45:00,77.3,28.9,104.4,0,64
P100000,2026-08-11 08:00:00,76.3,34.8,114.0,0,42
P100000,2026-08-11 08:15:00,76.2,32.4,104.1,0,54
P100000,2026-08-11 08:30:00,73.5,36.4,115.3,0,55
P100000,2026-08-11 08:45:00,74.2,40.6,121.2,0,56
P100000,2026-08-11 09:00:00,74.6,35.3,121.8,0,50
P100000,2026-08-11 09:15:00,76.2,38.7,127.7,0,61
P100000,2026-08-11 09:30:00,74.2,34.5,120.4,0,74
P100000,2026-08-11 09:45:00,73.2,43.2,127.4,0,50
P100000,2026-08-11 10:00:00,77.8,36.4,129.4,0,58
P100000,2026-08-11 10:15:00,75.9,39.7,128.1,0,49
P100000,2026-08-11 10:30:00,71.0,40.4,134.9,0,57
P100000,2026-08-11 10:45:00,68.8,39.4,119.7,0,46
P100000,2026-08-11 11:00:00,75.0,44.5,156.1,0,46
P100000,2026-08-11 11:15:00,72.8,42.1,121.3,0,76
P100000,2026-08-11 11:30:00,74.6,36.7,129.0,0,47
P100000,2026-08-11 11:45:00,76.7,43.2,130.9,0,59
P100000,2026-08-11 12:00:00,73.0,36.8,118.7,0,49
P100000,2026-08-11 12:15:00,78.2,41.6,137.6,0,55
P100000,2026-08-11 12:30:00,73.6,32.4,115.9,0,64
P100000,2026-08-11 12:45:00,72.9,36.5,108.0,0,52
P100000,2026-08-11 13:00:00,75.9,41.4,108.6,0,78
P100000,2026-08-11 13:15:00,79.0,39.9,103.3,0,66
P100000,2026-08-11 13:30:00,82.0,39.1,109.5,0,61
P100000,2026-08-11 13:45:00,74.5,39.9,94.9,0,65
P100000,2026-08-11 14:00:00,83.5,34.9,101.7,0,52
P100000,2026-08-11 14:15:00,77.0,30.6,95.5,0,51
P100000,2026-08-11 14:30:00,82.2,40.1,104.7,0,61
P100000,2026-08-11 14:45:00,78.9,33.2,92.5,0,56
P100000,2026-08-11 15:00:00,82.3,37.0,89.8,0,57
P100000,2026-08-11 15:15:00,75.7,35.9,101.9,0,60
P100000,2026-08-11 15:30:00,77.3,38.4,98.9,0,51
P100000,2026-08-11 15:45:00,78.6,39.6,106.5,0,58
P100000,2026-08-11 16:00:00,80.5,41.9,104.0,0,64
P100000,2026-08-11 16:15:00,85.0,35.8,96.7,0,61
P100000,2026-08-11 16:30:00,72.2,39.8,101.9,0,54
P100000,2026-08-11 16:45:00,83.0,37.9,96.6,0,51
P100000,2026-08-11 17:00:00,81.7,36.3,102.7,0,74
P100000,2026-08-11 17:15:00,82.1,37.7,106.3,0,56
P100000,2026-08-11 17:30:00,72.2,41.4,105.6,0,59
P100000,2026-08-11 17:45:00,79.3,42.5,99.4,0,65
P100000,2026-08-11 18:00:00,80.5,43.2,89.6,0,66
P100000,2026-08-11 18:15:00,82.9,40.0,107.0,0,54
P100000,2026-08-11 18:30:00,78.1,31.9,98.4,0,72
P100000,2026-08-11 18:45:00,85.8,44.1,114.8,0,67
P100000,2026-08-11 19:00:00,83.4,40.4,100.3,0,59
P100000,2026-08-11 19:15:00,84.9,43.8,100.4,0,65
P100000,2026-08-11 19:30:00,86.9,40.1,118.5,0,77
P100000,2026-08-11 19:45:00,86.1,38.2,95.7,0,73
P100000,2026-08-11 20:00:00,80.0,41.4,94.7,0,60
P100000,2026-08-11 20:15:00,73.2,42.3,101.2,0,67
P100000,2026-08-11 20:30:00,85.5,36.5,99.5,0,59
P100000,2026-08-11 20:45:00,80.7,41.8,101.1,0,78
P100000,2026-08-11 21:00:00,75.4,40.5,99.0,0,79
P100000,2026-08-11 21:15:00,75.4,42.1,96.9,0,1
P100000,2026-08-11 21:30:00,85.8,38.1,99.2,0,7
P100000,2026-08-11 21:45:00,86.0,48.2,92.9,0,3
P100000,2026-08-11 22:00:00,79.4,48.0,93.7,0,5
P100000,2026-08-11 22:15:00,79.3,47.9,91.6,0,5
P100000,2026-08-11 22:30:00,77.5,47.0,98.7,0,2
P100000,2026-08-11 22:45:00,86.6,45.4,99.7,0,6
P100000,2026-08-11 23:00:00,69.7,45.4,94.1,1,6
P100000,2026-08-11 23:15:00,68.4,46.4,98.1,1,2
P100000,2026-08-11 23:30:00,77.4,48.1,92.4,3,7
P100000,2026-08-11 23:45:00,79.4,42.2,107.9,1,3
P100000,2026-08-12 00:00:00,73.4,49.4,99.6,3,6
P100000,2026-08-12 00:15:00,68.6,49.3,90.9,2,4
P100000,2026-08-12 00:30:00,62.1,47.8,96.0,3,1
P100000,2026-08-12 00:45:00,73.8,47.1,97.4,3,5
P100000,2026-08-12 01:00:00,68.7,51.1,100.1,3,2
P100000,2026-08-12 01:15:00,66.0,49.0,98.0,2,5
P100000,2026-08-12 01:30:00,60.5,44.4,92.2,2,6
P100000,2026-08-12 01:45:00,69.2,51.3,94.4,2,5
P100000,2026-08-12 02:00:00,72.9,47.2,89.9,3,5
P100000,2026-08-12 02:15:00,67.2,45.7,98.6,0,6
P100000,2026-08-12 02:30:00,70.2,45.6,98.6,3,6
P100000,2026-08-12 02:45:00,60.7,48.7,104.1,2,2
P100000,2026-08-12 03:00:00,60.3,42.6,95.4,2,3
P100000,2026-08-12 03:15:00,69.2,44.0,96.9,3,4
P100000,2026-08-12 03:30:00,68.8,47.1,96.9,3,4
P100000,2026-08-12 03:45:00,62.2,42.1,89.9,1,11
P100000,2026-08-12 04:00:00,63.1,48.3,99.3,3,4
P100000,2026-08-12 04:15:00,59.6,44.9,90.9,1,4
P100000,2026-08-12 04:30:00,62.8,53.0,103.4,2,4
P100000,2026-08-12 04:45:00,60.8,50.9,92.0,1,5
P100000,2026-08-12 05:00:00,62.8,45.6,99.6,2,2
P100000,2026-08-12 05:15:00,63.4,48.7,97.7,2,5
P100000,2026-08-12 05:30:00,67.3,46.2,88.2,1,2
P100000,2026-08-12 05:45:00,72.4,44.3,103.1,1,5
P100000,2026-08-12 06:00:00,66.6,44.7,95.1,0,5
P100000,2026-08-12 06:15:00,77.5,44.6,101.7,0,3
P100000,2026-08-12 06:30:00,65.9,55.5,105.8,0,9
P100000,2026-08-12 06:45:00,71.3,52.1,98.1,0,6
P100000,2026-08-12 07:00:00,72.5,47.7,96.6,0,86
P100000,2026-08-12 07:15:00,75.2,44.0,90.6,0,91
P100000,2026-08-12 07:30:00,74.3,46.5,94.2,0,98
P100000,2026-08-12 07:45:00,67.1,46.2,103.1,0,74
P100000,2026-08-12 08:00:00,75.6,41.9,96.6,0,95
P100000,2026-08-12 08:15:00,73.9,45.7,104.1,0,81
P100000,2026-08-12 08:30:00,67.7,43.1,109.2,0,73
P100000,2026-08-12 08:45:00,74.7,45.2,112.2,0,80
P100000,2026-08-12 09:00:00,70.8,45.1,115.1,0,76
P100000,2026-08-12 09:15:00,69.0,46.9,115.3,0,72
P100000,2026-08-12 09:30:00,68.8,42.9,114.3,0,79
P100000,2026-08-12 09:45:00,69.4,50.2,130.9,0,94
P100000,2026-08-12 10:00:00,70.1,48.5,122.7,0,66
P100000,2026-08-12 10:15:00,67.1,45.8,128.1,0,81
P100000,2026-08-12 10:30:00,68.1,42.0,124.3,0,74
P100000,2026-08-12 10:45:00,72.1,44.9,127.6,0,64
P100000,2026-08-12 11:00:00,72.0,46.6,125.2,0,72
P100000,2026-08-12 11:15:00,69.0,47.0,122.4,0,95
P100000,2026-08-12 11:30:00,79.0,47.0,128.3,0,83
P100000,2026-08-12 11:45:00,70.6,45.2,124.4,0,78
P100000,2026-08-12 12:00:00,75.6,43.3,114.3,0,71
P100000,2026-08-12 12:15:00,68.1,39.1,108.5,0,68
P100000,2026-08-12 12:30:00,69.9,43.8,126.2,0,70
P100000,2026-08-12 12:45:00,74.9,49.2,103.1,0,74
P100000,2026-08-12 13:00:00,66.8,47.3,141.5,0,66
P100000,2026-08-12 13:15:00,73.0,45.6,112.3,0,73
P100000,2026-08-12 13:30:00,74.1,46.4,102.6,0,75
P100000,2026-08-12 13:45:00,78.4,43.8,115.1,0,92
P100000,2026-08-12 14:00:00,68.7,50.1,98.3,0,90
P100000,2026-08-12 14:15:00,70.6,47.3,91.5,0,71
P100000,2026-08-12 14:30:00,69.2,50.1,101.4,0,82
P100000,2026-08-12 14:45:00,73.2,49.3,94.7,0,88
P100000,2026-08-12 15:00:00,74.4,49.4,91.7,0,86
P100000,2026-08-12 15:15:00,72.9,50.8,103.5,0,87
P100000,2026-08-12 15:30:00,74.8,52.6,98.3,0,96
P100000,2026-08-12 15:45:00,65.5,50.9,95.3,0,94
P100000,2026-08-12 16:00:00,77.3,51.8,90.3,0,90
P100000,2026-08-12 16:15:00,75.5,45.3,89.9,0,94
P100000,2026-08-12 16:30:00,72.4,52.6,100.6,0,98
P100000,2026-08-12 16:45:00,77.1,52.5,102.3,0,77
P100000,2026-08-12 17:00:00,73.3,52.2,101.7,0,103
P100000,2026-08-12 17:15:00,73.9,53.4,110.7,0,98
P100000,2026-08-12 17:30:00,70.8,58.3,86.1,0,109
P100000,2026-08-12 17:45:00,76.8,46.7,89.1,0,85
P100000,2026-08-12 18:00:00,74.2,53.3,86.1,0,74
P100000,2026-08-12 18:15:00,77.3,50.1,100.4,0,77
P100000,2026-08-12 18:30:00,73.4,51.6,86.8,0,85
P100000,2026-08-12 18:45:00,81.5,48.7,98.1,0,106
P100000,2026-08-12 19:00:00,82.1,52.4,88.0,0,91
P100000,2026-08-12 19:15:00,76.2,52.2,95.6,0,89
P100000,2026-08-12 19:30:00,80.8,48.1,98.5,0,91
P100000,2026-08-12 19:45:00,73.3,45.5,92.7,0,86
P100000,2026-08-12 20:00:00,75.7,50.3,94.9,0,100
P100000,2026-08-12 20:15:00,74.5,50.5,100.6,0,89
P100000,2026-08-12 20:30:00,80.0,54.3,104.2,0,101
P100000,2026-08-12 20:45:00,81.0,54.4,101.9,0,81
P100000,2026-08-12 21:00:00,76.1,52.0,101.0,0,106
P100000,2026-08-12 21:15:00,83.4,48.6,87.6,0,6
P100000,2026-08-12 21:30:00,79.4,50.9,102.6,0,2
P100000,2026-08-12 21:45:00,73.6,52.6,95.4,0,8
P100000,2026-08-12 22:00:00,73.2,52.6,100.7,0,10
P100000,2026-08-12 22:15:00,71.5,53.4,97.6,0,7
P100000,2026-08-12 22:30:00,80.9,48.2,91.9,0,5
P100000,2026-08-12 22:45:00,82.7,53.0,102.5,0,5
P100000,2026-08-12 23:00:00,75.0,51.0,93.2,0,4
P100000,2026-08-12 23:15:00,63.7,49.4,93.3,1,6
P100000,2026-08-12 23:30:00,66.4,48.3,97.3,1,7
P100000,2026-08-12 23:45:00,57.6,53.2,95.1,1,6
P100000,2026-08-13 00:00:00,68.1,45.8,91.7,1,4
P100000,2026-08-13 00:15:00,65.7,49.6,97.8,1,5
P100000,2026-08-13 00:30:00,70.0,52.0,96.2,1,4
P100000,2026-08-13 00:45:00,61.2,49.8,107.2,3,6
P100000,2026-08-13 01:00:00,67.4,42.7,100.1,2,6
P100000,2026-08-13 01:15:00,64.9,48.9,102.9,1,6
P100000,2026-08-13 01:30:00,66.3,48.1,87.7,1,6
P100000,2026-08-13 01:45:00,72.5,43.8,102.8,3,5
P100000,2026-08-13 02:00:00,62.0,44.0,95.5,2,7
P100000,2026-08-13 02:15:00,65.7,50.0,99.4,2,6
P100000,2026-08-13 02:30:00,64.9,43.3,107.2,1,9
P100000,2026-08-13 02:45:00,70.6,52.5,91.6,1,4
P100000,2026-08-13 03:00:00,67.2,47.1,109.8,3,4
P100000,2026-08-13 03:15:00,65.5,49.1,98.0,1,4
P100000,2026-08-13 03:30:00,69.3,45.9,104.4,1,0
P100000,2026-08-13 03:45:00,63.9,47.4,94.2,1,2
P100000,2026-08-13 04:00:00,63.1,46.1,88.3,1,3
P100000,2026-08-13 04:15:00,57.8,46.1,99.3,1,3
P100000,2026-08-13 04:30:00,59.1,39.7,95.8,1,2
P100000,2026-08-13 04:45:00,64.8,47.8,96.4,1,2
P100000,2026-08-13 05:00:00,55.0,45.9,91.1,1,9
P100000,2026-08-13 05:15:00,64.3,48.0,93.4,2,3
P100000,2026-08-13 05:30:00,62.1,48.2,94.1,2,5
P100000,2026-08-13 05:45:00,60.6,47.2,88.7,1,5
P100000,2026-08-13 06:00:00,53.8,44.3,95.4,1,3
P100000,2026-08-13 06:15:00,65.7,42.7,99.4,0,8
P100000,2026-08-13 06:30:00,71.1,42.8,92.5,0,2
P100000,2026-08-13 06:45:00,74.3,41.6,99.4,0,4
P100000,2026-08-13 07:00:00,71.1,44.4,101.6,0,70
P100000,2026-08-13 07:15:00,66.3,44.0,96.8,0,72
P100000,2026-08-13 07:30:00,68.3,48.8,103.7,0,73
P100000,2026-08-13 07:45:00,63.4,52.9,96.2,0,74
P100000,2026-08-13 08:00:00,72.0,45.8,93.4,0,70
P100000,2026-08-13 08:15:00,68.4,46.0,103.0,0,72
P100000,2026-08-13 08:30:00,66.7,46.8,111.9,0,58
P100000,2026-08-13 08:45:00,64.4,43.0,112.8,0,56
P100000,2026-08-13 09:00:00,78.3,45.4,134.9,0,64
P100000,2026-08-13 09:15:00,64.3,44.6,117.6,0,71
P100000,2026-08-13 09:30:00,68.9,46.6,126.9,0,72
P100000,2026-08-13 09:45:00,65.9,41.8,123.7,0,75
P100000,2026-08-13 10:00:00,67.1,42.7,117.8,0,83
P100000,2026-08-13 10:15:00,64.7,49.0,130.3,0,75
P100000,2026-08-13 10:30:00,70.4,46.9,132.5,0,62
P100000,2026-08-13 10:45:00,68.3,43.1,121.1,0,76
P100000,2026-08-13 11:00:00,73.3,42.7,120.6,0,90
P100000,2026-08-13 11:15:00,74.9,50.1,113.6,0,72
P100000,2026-08-13 11:30:00,67.6,46.4,130.9,0,78
P100000,2026-08-13 11:45:00,70.3,46.2,115.1,0,64
P100000,2026-08-13 12:00:00,76.1,41.6,119.6,0,74
P100000,2026-08-13 12:15:00,58.2,44.3,114.7,0,65
P100000,2026-08-13 12:30:00,69.5,45.4,115.7,0,90
P100000,2026-08-13 12:45:00,69.7,48.6,112.7,0,70
P100000,2026-08-13 13:00:00,71.5,44.4,103.2,0,79
P100000,2026-08-13 13:15:00,71.5,44.0,114.3,0,53
P100000,2026-08-13 13:30:00,70.3,50.4,100.5,0,77
P100000,2026-08-13 13:45:00,72.6,50.6,104.1,0,61
P100000,2026-08-13 14:00:00,69.3,44.2,99.0,0,68
P100000,2026-08-13 14:15:00,69.0,52.4,100.0,0,80
P100000,2026-08-13 14:30:00,64.8,51.3,112.8,0,71
P100000,2026-08-13 14:45:00,76.4,47.7,92.8,0,76
P100000,2026-08-13 15:00:00,75.2,50.3,90.2,0,73
P100000,2026-08-13 15:15:00,68.2,46.0,90.4,0,97
P100000,2026-08-13 15:30:00,70.1,46.9,95.7,0,68
P100000,2026-08-13 15:45:00,71.5,48.1,100.0,0,66
P100000,2026-08-13 16:00:00,81.1,46.0,97.8,0,63
P100000,2026-08-13 16:15:00,77.8,52.5,94.9,0,81
P100000,2026-08-13 16:30:00,76.3,49.8,97.7,0,70
P100000,2026-08-13 16:45:00,72.0,50.6,95.9,0,61
P100000,2026-08-13 17:00:00,71.2,46.5,89.2,0,76
P100000,2026-08-13 17:15:00,74.6,51.4,96.4,0,74
P100000,2026-08-13 17:30:00,79.2,46.1,91.8,0,66
P100000,2026-08-13 17:45:00,74.1,48.9,88.1,0,71
P100000,2026-08-13 18:00:00,75.9,48.4,92.5,0,69
P100000,2026-08-13 18:15:00,80.2,49.4,90.8,0,82
P100000,2026-08-13 18:30:00,82.4,44.3,92.0,0,57
P100000,2026-08-13 18:45:00,77.5,50.5,100.0,0,75
P100000,2026-08-13 19:00:00,80.7,46.0,98.7,0,88
P100000,2026-08-13 19:15:00,77.8,47.9,94.4,0,69
P100000,2026-08-13 19:30:00,78.9,47.2,98.6,0,75
P100000,2026-08-13 19:45:00,80.9,43.8,99.8,0,59
P100000,2026-08-13 20:00:00,81.7,50.2,100.0,0,75
P100000,2026-08-13 20:15:00,78.6,41.7,91.5,0,71
P100000,2026-08-13 20:30:00,79.8,50.0,104.8,0,77
P100000,2026-08-13 20:45:00,76.4,51.0,99.6,0,75
P100000,2026-08-13 21:00:00,78.2,46.4,96.8,0,84
P100000,2026-08-13 21:15:00,77.0,48.2,96.8,0,5
P100000,2026-08-13 21:30:00,84.2,41.0,91.9,0,5
P100000,2026-08-13 21:45:00,77.0,45.6,97.6,0,7
P100000,2026-08-13 22:00:00,71.2,50.5,97.6,0,4
P100000,2026-08-13 22:15:00,75.9,46.8,96.7,0,2
P100000,2026-08-13 22:30:00,78.9,48.1,95.5,0,2
P100000,2026-08-13 22:45:00,78.0,47.3,101.0,0,4
P100000,2026-08-13 23:00:00,64.6,52.0,97.4,1,5
P100000,2026-08-13 23:15:00,61.3,50.2,95.1,1,6
P100000,2026-08-13 23:30:00,67.9,52.3,87.8,3,7
P100000,2026-08-13 23:45:00,69.7,55.9,98.9,1,4
P100000,2026-08-14 00:00:00,73.7,48.6,103.5,1,2
P100000,2026-08-14 00:15:00,68.7,47.2,99.0,1,4
P100000,2026-08-14 00:30:00,68.9,52.3,90.6,1,5
P100000,2026-08-14 00:45:00,63.3,46.9,93.7,0,5
P100000,2026-08-14 01:00:00,65.6,48.6,97.3,1,6
P100000,2026-08-14 01:15:00,76.1,50.4,98.1,2,3
P100000,2026-08-14 01:30:00,68.0,46.5,96.0,2,2
P100000,2026-08-14 01:45:00,62.2,50.6,100.0,1,4
P100000,2026-08-14 02:00:00,58.8,48.2,96.1,1,6
P100000,2026-08-14 02:15:00,66.0,48.4,96.0,2,3
P100000,2026-08-14 02:30:00,66.7,50.7,93.6,0,4
P100000,2026-08-14 02:45:00,58.5,51.4,101.3,1,6
P100000,2026-08-14 03:00:00,68.8,47.6,91.1,3,6
P100000,2026-08-14 03:15:00,61.5,49.4,98.6,2,2
P100000,2026-08-14 03:30:00,70.0,50.1,93.8,1,8
P100000,2026-08-14 03:45:00,58.4,46.7,97.8,3,7
P100000,2026-08-14 04:00:00,55.2,47.2,99.3,1,7
P100000,2026-08-14 04:15:00,63.2,52.6,103.8,2,6
P100000,2026-08-14 04:30:00,59.2,49.9,98.1,1,3
P100000,2026-08-14 04:45:00,69.2,52.2,96.2,2,5
P100000,2026-08-14 05:00:00,60.4,49.6,96.6,1,3
P100000,2026-08-14 05:15:00,59.8,46.7,99.2,2,5
P100000,2026-08-14 05:30:00,63.4,46.4,98.9,3,5
P100000,2026-08-14 05:45:00,61.3,47.7,99.4,1,3
P100000,2026-08-14 06:00:00,58.6,50.0,95.0,2,4
P100000,2026-08-14 06:15:00,75.2,46.5,99.7,0,6
P100000,2026-08-14 06:30:00,71.9,48.6,100.5,0,3
P100000,2026-08-14 06:45:00,74.1,50.6,102.9,0,2
P100000,2026-08-14 07:00:00,62.9,47.8,90.3,0,75
P100000,2026-08-14 07:15:00,75.1,47.5,90.2,0,77
P100000,2026-08-14 07:30:00,59.1,42.2,98.3,0,86
P100000,2026-08-14 07:45:00,57.0,41.9,94.4,0,52
P100000,2026-08-14 08:00:00,70.8,46.0,103.2,0,78
P100000,2026-08-14 08:15:00,69.3,41.7,108.9,0,69
P100000,2026-08-14 08:30:00,69.9,42.0,102.2,0,59
P100000,2026-08-14 08:45:00,67.8,45.5,123.0,0,77
P100000,2026-08-14 09:00:00,73.9,44.4,113.9,0,80
P100000,2026-08-14 09:15:00,70.6,41.7,120.8,0,68
P100000,2026-08-14 09:30:00,72.3,46.2,109.8,0,73
P100000,2026-08-14 09:45:00,68.8,46.1,128.9,0,75
P100000,2026-08-14 10:00:00,61.8,39.4,122.0,0,71
P100000,2026-08-14 10:15:00,63.8,42.4,115.3,0,80
P100000,2026-08-14 10:30:00,74.6,50.7,134.0,0,78
P100000,2026-08-14 10:45:00,68.2,48.4,122.4,0,60
P100000,2026-08-14 11:00:00,67.9,41.2,128.5,0,82
P100000,2026-08-14 11:15:00,71.9,52.8,124.5,0,83
P100000,2026-08-14 11:30:00,74.8,44.2,122.8,0,67
P100000,2026-08-14 11:45:00,71.7,42.9,123.2,0,58
P100000,2026-08-14 12:00:00,66.3,45.1,113.0,0,69
P100000,2026-08-14 12:15:00,77.6,44.5,115.5,0,61
P100000,2026-08-14 12:30:00,72.4,48.9,113.3,0,70
P100000,2026-08-14 12:45:00,70.7,39.3,105.0,0,66
P100000,2026-08-14 13:00:00,70.5,45.5,110.8,0,71
P100000,2026-08-14 13:15:00,72.5,37.9,93.1,0,71
P100000,2026-08-14 13:30:00,70.4,41.0,113.4,0,72
P100000,2026-08-14 13:45:00,75.3,41.5,101.8,0,88
P100000,2026-08-14 14:00:00,72.4,47.7,90.7,0,60
P100000,2026-08-14 14:15:00,78.3,40.0,96.7,0,66
P100000,2026-08-14 14:30:00,66.2,39.3,95.5,0,60
P100000,2026-08-14 14:45:00,74.0,43.1,102.7,0,67
P100000,2026-08-14 15:00:00,64.7,41.8,92.1,0,64
P100000,2026-08-14 15:15:00,69.8,48.0,94.1,0,57
P100000,2026-08-14 15:30:00,74.4,44.7,106.9,0,72
P100000,2026-08-14 15:45:00,74.5,39.4,96.3,0,73
P100000,2026-08-14 16:00:00,77.7,44.8,102.8,0,63
P100000,2026-08-14 16:15:00,74.5,43.9,106.5,0,60
P100000,2026-08-14 16:30:00,75.7,41.2,95.1,0,60
P100000,2026-08-14 16:45:00,79.3,41.8,94.9,0,76
P100000,2026-08-14 17:00:00,81.8,40.3,98.3,0,63
P100000,2026-08-14 17:15:00,77.7,43.1,89.4,0,79
P100000,2026-08-14 17:30:00,72.7,46.2,89.1,0,63
P100000,2026-08-14 17:45:00,81.4,42.9,97.0,0,68
P100000,2026-08-14 18:00:00,86.0,40.6,91.9,0,61
P100000,2026-08-14 18:15:00,88.1,43.6,100.6,0,61
P100000,2026-08-14 18:30:00,76.5,38.2,95.6,0,75
P100000,2026-08-14 18:45:00,85.9,43.8,94.9,0,56
P100000,2026-08-14 19:00:00,77.1,47.4,99.5,0,68
P100000,2026-08-14 19:15:00,78.8,37.9,86.4,0,44
P100000,2026-08-14 19:30:00,89.2,42.0,84.2,0,66
P100000,2026-08-14 19:45:00,83.3,35.5,89.1,0,59
P100000,2026-08-14 20:00:00,82.5,37.3,95.9,0,53
P100000,2026-08-14 20:15:00,81.6,39.5,94.4,0,66
P100000,2026-08-14 20:30:00,81.9,41.2,89.6,0,64
P100000,2026-08-14 20:45:00,77.1,40.7,96.7,0,64
P100000,2026-08-14 21:00:00,81.6,43.2,85.0,0,75
P100000,2026-08-14 21:15:00,90.5,35.8,98.9,0,5
P100000,2026-08-14 21:30:00,78.4,37.6,108.7,0,3
P100000,2026-08-14 21:45:00,93.4,49.1,89.7,0,5
P100000,2026-08-14 22:00:00,82.4,44.3,92.3,0,2
P100000,2026-08-14 22:15:00,79.9,44.7,105.2,0,4
P100000,2026-08-14 22:30:00,90.1,47.0,98.9,0,5
P100000,2026-08-14 22:45:00,78.8,43.9,96.3,0,3
P100000,2026-08-14 23:00:00,73.6,41.7,102.1,1,5
P100000,2026-08-14 23:15:00,68.0,47.3,91.7,1,4
P100000,2026-08-14 23:30:00,71.6,46.6,98.4,1,2
P100000,2026-08-14 23:45:00,75.3,40.3,101.3,2,5
P100000,2026-08-15 00:00:00,77.6,44.2,93.2,2,4
P100000,2026-08-15 00:15:00,75.2,48.2,95.0,1,6
P100000,2026-08-15 00:30:00,76.1,43.5,96.3,3,5
P100000,2026-08-15 00:45:00,71.3,44.4,96.9,3,3
P100000,2026-08-15 01:00:00,68.2,48.6,103.7,1,7
P100000,2026-08-15 01:15:00,73.6,47.3,97.7,3,8
P100000,2026-08-15 01:30:00,66.3,45.2,93.7,1,9
P100000,2026-08-15 01:45:00,71.7,46.0,104.0,3,6
P100000,2026-08-15 02:00:00,71.2,48.5,97.2,3,5
P100000,2026-08-15 02:15:00,65.6,43.9,99.3,0,6
P100000,2026-08-15 02:30:00,69.2,41.8,92.9,1,6
P100000,2026-08-15 02:45:00,70.7,45.9,87.2,1,3
P100000,2026-08-15 03:00:00,79.8,43.2,93.8,0,5
P100000,2026-08-15 03:15:00,68.3,46.7,102.6,3,6
P100000,2026-08-15 03:30:00,61.1,47.9,93.0,3,10
P100000,2026-08-15 03:45:00,62.9,43.3,108.7,2,1
P100000,2026-08-15 04:00:00,68.4,44.8,92.5,1,6
P100000,2026-08-15 04:15:00,68.6,45.2,92.5,3,4
P100000,2026-08-15 04:30:00,68.6,45.4,92.4,0,2
P100000,2026-08-15 04:45:00,60.6,40.7,91.9,1,3
P100000,2026-08-15 05:00:00,61.6,47.3,94.4,0,6
P100000,2026-08-15 05:15:00,65.4,37.9,94.4,1,5
P100000,2026-08-15 05:30:00,68.8,46.2,103.3,1,9
P100000,2026-08-15 05:45:00,62.4,48.7,96.5,1,1
P100000,2026-08-15 06:00:00,59.2,41.3,101.5,3,6
P100000,2026-08-15 06:15:00,80.4,45.6,93.2,0,5
P100000,2026-08-15 06:30:00,74.0,39.7,88.3,0,5
P100000,2026-08-15 06:45:00,66.4,46.7,91.4,0,5
P100000,2026-08-15 07:00:00,74.1,45.2,122.7,0,84
P100000,2026-08-15 07:15:00,69.3,44.9,97.0,0,72
P100000,2026-08-15 07:30:00,74.8,50.6,103.7,0,65
P100000,2026-08-15 07:45:00,72.4,45.8,98.3,0,54
P100000,2026-08-15 08:00:00,70.3,45.0,106.8,0,79
P100000,2026-08-15 08:15:00,68.9,46.5,89.7,0,68
P100000,2026-08-15 08:30:00,74.0,45.1,111.9,0,79
P100000,2026-08-15 08:45:00,73.1,41.6,113.6,0,74
P100000,2026-08-15 09:00:00,64.7,41.7,115.0,0,62
P100000,2026-08-15 09:15:00,71.1,40.2,116.9,0,67
P100000,2026-08-15 09:30:00,70.3,37.3,120.9,0,57
P100000,2026-08-15 09:45:00,74.1,39.0,118.2,0,76
P100000,2026-08-15 10:00:00,72.2,43.4,123.0,0,81
P100000,2026-08-15 10:15:00,70.7,46.9,131.1,0,57
P100000,2026-08-15 10:30:00,65.8,41.5,124.5,0,62
P100000,2026-08-15 10:45:00,73.1,41.7,135.1,0,71
P100000,2026-08-15 11:00:00,67.2,53.2,119.3,0,71
P100000,2026-08-15 11:15:00,67.9,44.6,126.2,0,71
P100000,2026-08-15 11:30:00,75.2,42.4,126.3,0,76
P100000,2026-08-15 11:45:00,73.5,39.4,124.1,0,71
P100000,2026-08-15 12:00:00,77.1,48.3,122.5,0,72
P100000,2026-08-15 12:15:00,76.3,45.1,115.3,0,84
P100000,2026-08-15 12:30:00,70.9,38.1,110.6,0,75
P100000,2026-08-15 12:45:00,74.7,40.1,116.2,0,71
P100000,2026-08-15 13:00:00,68.5,41.3,101.9,0,70
P100000,2026-08-15 13:15:00,70.9,43.6,113.6,0,64
P100000,2026-08-15 13:30:00,75.9,42.3,110.8,0,65
P100000,2026-08-15 13:45:00,72.9,39.0,97.7,0,66
P100000,2026-08-15 14:00:00,79.2,43.9,99.9,0,60
P100000,2026-08-15 14:15:00,77.1,38.6,95.1,0,78
P100000,2026-08-15 14:30:00,75.2,39.3,97.4,0,67
P100000,2026-08-15 14:45:00,75.7,48.6,103.5,0,56
P100000,2026-08-15 15:00:00,86.3,47.2,95.5,0,53
P100000,2026-08-15 15:15:00,82.0,44.6,102.0,0,65
P100000,2026-08-15 15:30:00,76.9,41.6,96.2,0,91
P100000,2026-08-15 15:45:00,84.1,40.9,98.1,0,78
P100000,2026-08-15 16:00:00,80.6,39.0,96.2,0,70
P100000,2026-08-15 16:15:00,79.6,40.1,94.4,0,67
P100000,2026-08-15 16:30:00,80.1,40.7,92.2,0,65
P100000,2026-08-15 16:45:00,78.9,39.4,94.5,0,73
P100000,2026-08-15 17:00:00,73.7,39.6,118.4,0,60
P100000,2026-08-15 17:15:00,90.5,40.9,97.8,0,68
P100000,2026-08-15 17:30:00,82.3,43.3,95.2,0,75
P100000,2026-08-15 17:45:00,82.0,39.4,89.5,0,71
P100000,2026-08-15 18:00:00,75.7,46.0,94.9,0,61
P100000,2026-08-15 18:15:00,84.3,44.5,98.4,0,73
P100000,2026-08-15 18:30:00,86.1,38.3,98.2,0,55
P100000,2026-08-15 18:45:00,90.0,38.6,94.8,0,61
P100000,2026-08-15 19:00:00,84.1,35.9,98.2,0,55
P100000,2026-08-15 19:15:00,81.4,36.5,92.1,0,62
P100000,2026-08-15 19:30:00,79.0,39.4,99.6,0,70
P100000,2026-08-15 19:45:00,86.8,34.7,91.1,0,55
P100000,2026-08-15 20:00:00,86.9,40.4,85.7,0,60
P100000,2026-08-15 20:15:00,87.6,36.6,93.4,0,60
P100000,2026-08-15 20:30:00,82.5,40.7,143.5,0,56
P100000,2026-08-15 20:45:00,82.8,37.2,91.7,0,61
P100000,2026-08-15 21:00:00,81.2,45.8,88.5,0,70
P100000,2026-08-15 21:15:00,83.3,43.8,96.4,0,3
P100000,2026-08-15 21:30:00,81.1,46.9,113.7,0,1
P100000,2026-08-15 21:45:00,81.3,47.7,101.6,0,4
P100000,2026-08-15 22:00:00,80.3,49.2,99.6,0,8
P100000,2026-08-15 22:15:00,83.8,39.4,94.9,0,3
P100000,2026-08-15 22:30:00,80.3,43.3,93.5,0,4
P100000,2026-08-15 22:45:00,82.9,40.3,101.0,0,6
P100000,2026-08-15 23:00:00,85.3,46.1,96.4,0,6
P100000,2026-08-15 23:15:00,76.1,43.3,84.2,3,6
P100000,2026-08-15 23:30:00,67.9,44.4,107.4,0,7
P100000,2026-08-15 23:45:00,71.3,40.5,100.5,3,1
P100000,2026-08-16 00:00:00,80.3,39.6,99.1,1,5
P100000,2026-08-16 00:15:00,68.4,41.1,99.9,1,8
P100000,2026-08-16 00:30:00,75.6,38.2,100.3,3,5
P100000,2026-08-16 00:45:00,69.4,40.7,100.7,3,3
P100000,2026-08-16 01:00:00,75.8,37.2,107.1,1,6
P100000,2026-08-16 01:15:00,87.1,40.8,98.0,1,6
P100000,2026-08-16 01:30:00,70.4,43.0,96.6,0,6
P100000,2026-08-16 01:45:00,75.2,42.5,97.3,1,6
P100000,2026-08-16 02:00:00,68.7,36.2,90.7,3,4
P100000,2026-08-16 02:15:00,76.9,41.7,101.4,2,9
P100000,2026-08-16 02:30:00,65.4,45.1,101.4,0,7
P100000,2026-08-16 02:45:00,65.9,42.2,102.4,2,3
P100000,2026-08-16 03:00:00,69.2,43.4,97.6,1,3
P100000,2026-08-16 03:15:00,67.0,39.2,91.3,0,3
P100000,2026-08-16 03:30:00,63.8,41.3,90.4,3,2
P100000,2026-08-16 03:45:00,68.9,42.3,82.3,3,3
P100000,2026-08-16 04:00:00,68.8,36.6,98.9,2,4
P100000,2026-08-16 04:15:00,66.0,37.8,102.0,3,7
P100000,2026-08-16 04:30:00,75.5,36.4,99.1,1,5
P100000,2026-08-16 04:45:00,74.9,43.2,106.5,3,6
P100000,2026-08-16 05:00:00,62.9,39.0,103.0,3,5
P100000,2026-08-16 05:15:00,68.5,38.9,100.4,1,5
P100000,2026-08-16 05:30:00,58.3,39.6,94.6,3,6
P100000,2026-08-16 05:45:00,66.5,36.9,96.7,3,8
P100000,2026-08-16 06:00:00,65.6,37.8,89.7,3,4
P100000,2026-08-16 06:15:00,65.6,36.9,98.8,0,4
P100000,2026-08-16 06:30:00,74.1,35.0,91.8,0,4
P100000,2026-08-16 06:45:00,76.5,32.9,101.9,0,5
P100000,2026-08-16 07:00:00,73.3,40.4,93.3,0,59
P100000,2026-08-16 07:15:00,81.7,46.6,96.1,0,70
P100000,2026-08-16 07:30:00,67.7,40.4,111.5,0,62
P100000,2026-08-16 07:45:00,73.7,34.8,105.7,0,51
P100000,2026-08-16 08:00:00,75.1,42.1,93.4,0,45
P100000,2026-08-16 08:15:00,75.2,36.2,100.5,0,45
P100000,2026-08-16 08:30:00,78.9,31.9,115.8,0,65
P100000,2026-08-16 08:45:00,71.7,31.6,109.7,0,48
P100000,2026-08-16 09:00:00,72.1,36.4,111.5,0,45
P100000,2026-08-16 09:15:00,71.8,36.6,118.6,0,50
P100000,2026-08-16 09:30:00,66.2,28.6,127.0,0,52
P100000,2026-08-16 09:45:00,73.2,36.9,113.7,0,51
P100000,2026-08-16 10:00:00,82.2,30.8,119.3,0,56
P100000,2026-08-16 10:15:00,79.2,31.0,128.1,0,45
P100000,2026-08-16 10:30:00,78.2,40.0,136.9,0,44
P100000,2026-08-16 10:45:00,83.9,36.6,119.8,0,58
P100000,2026-08-16 11:00:00,77.9,30.6,136.0,0,58
P100000,2026-08-16 11:15:00,80.1,29.6,123.9,0,35
P100000,2026-08-16 11:30:00,77.4,35.2,123.2,0,42
P100000,2026-08-16 11:45:00,79.6,39.7,134.3,0,65
P100000,2026-08-16 12:00:00,72.6,34.0,116.6,0,59
P100000,2026-08-16 12:15:00,73.0,34.9,118.0,0,54
P100000,2026-08-16 12:30:00,82.2,36.9,120.0,0,62
P100000,2026-08-16 12:45:00,79.0,42.5,104.3,0,52
P100000,2026-08-16 13:00:00,75.4,37.7,112.3,0,48
P100000,2026-08-16 13:15:00,77.3,35.8,108.4,0,59
P100000,2026-08-16 13:30:00,70.3,36.8,103.7,0,49
P100000,2026-08-16 13:45:00,77.1,35.1,104.7,0,60
P100000,2026-08-16 14:00:00,80.7,38.3,102.5,0,64
P100000,2026-08-16 14:15:00,77.2,38.0,95.4,0,51
P100000,2026-08-16 14:30:00,83.3,45.2,98.4,0,52
P100000,2026-08-16 14:45:00,77.0,38.7,91.6,0,71
P100000,2026-08-16 15:00:00,82.0,43.0,91.2,0,44
P100000,2026-08-16 15:15:00,75.6,35.7,91.8,0,60
P100000,2026-08-16 15:30:00,79.9,38.2,93.7,0,46
P100000,2026-08-16 15:45:00,71.5,35.2,102.1,0,52
P100000,2026-08-16 16:00:00,76.5,35.8,91.0,0,47
P100000,2026-08-16 16:15:00,79.1,37.7,92.0,0,60
P100000,2026-08-16 16:30:00,84.8,36.0,89.6,0,70
P100000,2026-08-16 16:45:00,78.5,35.9,92.1,0,56
P100000,2026-08-16 17:00:00,90.5,40.5,97.7,0,59
P100000,2026-08-16 17:15:00,80.0,36.9,92.5,0,55
P100000,2026-08-16 17:30:00,81.1,38.0,105.2,0,49
P100000,2026-08-16 17:45:00,88.6,35.0,97.9,0,54
P100000,2026-08-16 18:00:00,90.0,31.7,109.9,0,52
P100000,2026-08-16 18:15:00,94.6,30.8,102.1,0,54
P100000,2026-08-16 18:30:00,77.6,36.3,107.0,0,49
P100000,2026-08-16 18:45:00,82.7,33.8,93.0,0,43
P100000,2026-08-16 19:00:00,90.1,35.2,102.2,0,42
P100000,2026-08-16 19:15:00,90.1,32.7,103.0,0,42
P100000,2026-08-16 19:30:00,79.3,34.5,103.5,0,64
P100000,2026-08-16 19:45:00,83.7,35.8,92.2,0,40
P100000,2026-08-16 20:00:00,81.6,38.5,97.9,0,51
P100000,2026-08-16 20:15:00,94.0,30.8,102.2,0,48
P100000,2026-08-16 20:30:00,81.5,30.4,96.9,0,54
P100000,2026-08-16 20:45:00,86.1,38.7,117.1,0,51
P100000,2026-08-16 21:00:00,84.4,28.6,105.8,0,51
P100000,2026-08-16 21:15:00,89.9,36.2,101.8,0,4
P100000,2026-08-16 21:30:00,83.6,36.8,110.4,0,5
P100000,2026-08-16 21:45:00,93.1,38.0,105.4,0,6
P100000,2026-08-16 22:00:00,91.9,38.8,100.7,0,3
P100000,2026-08-16 22:15:00,80.6,36.8,95.8,0,8
P100000,2026-08-16 22:30:00,84.0,35.4,93.5,0,4
P100000,2026-08-16 22:45:00,80.9,35.5,95.7,0,10
P100000,2026-08-16 23:00:00,75.3,36.7,95.6,0,2
P100000,2026-08-16 23:15:00,75.5,39.2,94.0,3,6
P100000,2026-08-16 23:30:00,75.7,37.4,91.4,1,4
P100000,2026-08-16 23:45:00,74.4,34.7,94.5,1,3
P100000,2026-08-17 00:00:00,65.0,35.4,91.6,2,3
P100000,2026-08-17 00:15:00,73.5,35.0,102.6,1,4
P100000,2026-08-17 00:30:00,69.2,35.3,97.7,2,5
P100000,2026-08-17 00:45:00,68.0,36.5,95.9,1,4
P100000,2026-08-17 01:00:00,74.9,33.1,103.6,1,6
P100000,2026-08-17 01:15:00,72.5,32.4,99.0,3,8
P100000,2026-08-17 01:30:00,71.5,32.4,95.7,2,3
P100000,2026-08-17 01:45:00,79.2,31.4,103.6,1,4
P100000,2026-08-17 02:00:00,74.6,29.7,103.2,1,4
P100000,2026-08-17 02:15:00,75.4,35.2,92.7,2,4
P100000,2026-08-17 02:30:00,72.4,29.2,100.3,3,5
P100000,2026-08-17 02:45:00,70.1,28.2,96.3,0,2
P100000,2026-08-17 03:00:00,71.6,32.5,93.1,2,4
P100000,2026-08-17 03:15:00,62.0,30.4,94.9,3,8
P100000,2026-08-17 03:30:00,70.0,30.4,97.5,2,5
P100000,2026-08-17 03:45:00,73.2,29.7,92.3,3,6
P100000,2026-08-17 04:00:00,70.8,30.3,102.1,1,8
P100000,2026-08-17 04:15:00,77.1,34.3,103.9,3,7
P100000,2026-08-17 04:30:00,73.7,29.8,106.1,1,7
P100000,2026-08-17 04:45:00,64.7,27.9,97.5,1,2
P100000,2026-08-17 05:00:00,68.6,26.0,98.2,2,2
P100000,2026-08-17 05:15:00,73.3,25.8,96.7,1,5
P100000,2026-08-17 05:30:00,68.2,28.6,99.8,3,5
P100000,2026-08-17 05:45:00,75.0,30.8,88.5,3,4
P100000,2026-08-17 06:00:00,72.7,34.6,100.3,2,4
P100000,2026-08-17 06:15:00,76.2,31.0,100.4,0,5
P100000,2026-08-17 06:30:00,77.9,24.9,110.8,0,4
P100000,2026-08-17 06:45:00,80.4,33.0,104.0,0,5
P100000,2026-08-17 07:00:00,79.5,29.8,109.8,0,34
P100000,2026-08-17 07:15:00,74.7,31.4,91.6,0,54
P100000,2026-08-17 07:30:00,80.0,36.0,102.9,0,43
P100000,2026-08-17 07:45:00,75.1,28.1,105.8,0,39
P100000,2026-08-17 08:00:00,93.4,29.5,113.2,0,40
P100000,2026-08-17 08:15:00,76.1,32.2,113.3,0,34
P100000,2026-08-17 08:30:00,75.8,27.8,107.3,0,28
P100000,2026-08-17 08:45:00,72.8,28.1,146.4,0,43
P100000,2026-08-17 09:00:00,78.2,34.4,118.0,0,40
P100000,2026-08-17 09:15:00,80.3,29.3,131.4,0,37
P100000,2026-08-17 09:30:00,75.7,28.3,122.6,0,36
P100000,2026-08-17 09:45:00,70.5,31.7,123.1,0,35
P100000,2026-08-17 10:00:00,81.5,37.1,135.3,0,32
P100000,2026-08-17 10:15:00,74.8,30.6,131.0,0,33
P100000,2026-08-17 10:30:00,79.0,30.3,128.8,0,47
P100000,2026-08-17 10:45:00,80.4,27.4,130.8,0,34
P100000,2026-08-17 11:00:00,78.6,28.2,127.1,0,52
P100000,2026-08-17 11:15:00,80.9,25.5,140.3,0,28
P100000,2026-08-17 11:30:00,83.3,28.3,122.4,0,39
P100000,2026-08-17 11:45:00,78.7,30.1,126.2,0,40
P100000,2026-08-17 12:00:00,82.2,31.8,123.8,0,33
P100000,2026-08-17 12:15:00,82.6,30.8,109.4,0,39
P100000,2026-08-17 12:30:00,79.1,28.3,115.1,0,51
P100000,2026-08-17 12:45:00,71.2,25.8,108.8,0,41
P100000,2026-08-17 13:00:00,78.0,25.3,130.8,0,40
P100000,2026-08-17 13:15:00,88.8,27.5,107.7,0,50
P100000,2026-08-17 13:30:00,76.3,34.7,113.3,0,42
P100000,2026-08-17 13:45:00,80.9,28.1,120.5,0,36
P100000,2026-08-17 14:00:00,79.3,35.0,102.6,0,57
P100000,2026-08-17 14:15:00,81.0,30.0,103.6,0,49
P100000,2026-08-17 14:30:00,82.7,36.4,93.5,0,38
P100000,2026-08-17 14:45:00,83.3,34.7,123.1,0,41
P100000,2026-08-17 15:00:00,84.5,28.1,103.8,0,36
P100000,2026-08-17 15:15:00,81.4,29.9,96.0,0,30
P100000,2026-08-17 15:30:00,78.7,37.0,97.9,0,55
P100000,2026-08-17 15:45:00,80.5,36.9,100.3,0,47
P100000,2026-08-17 16:00:00,80.7,33.5,102.9,0,35
P100000,2026-08-17 16:15:00,87.7,27.1,101.1,0,46
P100000,2026-08-17 16:30:00,86.5,33.9,97.5,0,45
P100000,2026-08-17 16:45:00,88.5,34.4,97.5,0,40
P100000,2026-08-17 17:00:00,83.6,32.7,101.8,0,37
P100000,2026-08-17 17:15:00,81.0,32.9,108.2,0,40
P100000,2026-08-17 17:30:00,83.0,31.3,103.8,0,36
P100000,2026-08-17 17:45:00,84.6,36.1,101.3,0,47
P100000,2026-08-17 18:00:00,87.7,27.8,95.2,0,44
P100000,2026-08-17 18:15:00,86.7,30.3,103.2,0,33
P100000,2026-08-17 18:30:00,88.5,33.9,105.8,0,36
P100000,2026-08-17 18:45:00,89.1,33.7,106.8,0,49
P100000,2026-08-17 19:00:00,84.2,31.7,104.9,0,50
P100000,2026-08-17 19:15:00,90.7,28.8,118.8,0,38
P100000,2026-08-17 19:30:00,87.5,38.6,96.8,0,41
P100000,2026-08-17 19:45:00,88.4,26.8,111.3,0,38
P100000,2026-08-17 20:00:00,91.4,29.3,89.0,0,44
P100000,2026-08-17 20:15:00,92.0,32.5,100.0,0,33
P100000,2026-08-17 20:30:00,90.7,34.3,91.7,0,44
P100000,2026-08-17 20:45:00,92.4,26.7,105.2,0,41
P100000,2026-08-17 21:00:00,87.5,31.9,95.3,0,34
P100000,2026-08-17 21:15:00,90.4,25.9,100.7,0,6
P100000,2026-08-17 21:30:00,86.1,29.4,89.2,0,2
P100000,2026-08-17 21:45:00,84.3,33.0,95.8,0,2
P100000,2026-08-17 22:00:00,90.9,32.2,98.1,0,7
P100000,2026-08-17 22:15:00,85.2,36.4,106.8,0,2
P100000,2026-08-17 22:30:00,84.7,30.7,97.3,0,7
P100000,2026-08-17 22:45:00,91.5,26.2,88.3,0,6
P100000,2026-08-17 23:00:00,86.7,30.1,102.0,2,7
P100000,2026-08-17 23:15:00,85.2,32.7,109.8,1,4
P100000,2026-08-17 23:30:00,83.6,28.1,100.5,3,4
P100000,2026-08-17 23:45:00,84.0,30.3,100.4,2,4
P100000,2026-08-18 00:00:00,67.8,28.2,99.4,2,8
P100000,2026-08-18 00:15:00,79.3,34.9,96.3,1,2
P100000,2026-08-18 00:30:00,79.5,28.0,98.4,2,7
P100000,2026-08-18 00:45:00,76.8,35.2,96.3,1,6
P100000,2026-08-18 01:00:00,69.9,32.9,92.1,1,4
P100000,2026-08-18 01:15:00,74.0,30.7,97.3,2,5
P100000,2026-08-18 01:30:00,71.6,34.2,96.9,2,7
P100000,2026-08-18 01:45:00,78.4,25.8,95.1,1,4
P100000,2026-08-18 02:00:00,74.0,27.4,95.4,3,8
P100000,2026-08-18 02:15:00,75.4,33.9,99.3,2,8
P100000,2026-08-18 02:30:00,75.5,32.2,97.2,1,4
P100000,2026-08-18 02:45:00,73.4,31.2,104.2,0,5
P100000,2026-08-18 03:00:00,67.7,35.7,104.2,3,1
P100000,2026-08-18 03:15:00,70.1,31.0,100.7,2,4
P100000,2026-08-18 03:30:00,72.9,30.7,98.0,3,7
P100000,2026-08-18 03:45:00,83.6,28.5,90.8,1,5
P100000,2026-08-18 04:00:00,72.8,30.8,110.5,1,3
P100000,2026-08-18 04:15:00,70.8,26.1,95.5,1,2
P100000,2026-08-18 04:30:00,72.8,31.5,101.5,2,6
P100000,2026-08-18 04:45:00,71.3,31.0,106.6,1,4
P100000,2026-08-18 05:00:00,71.2,34.9,100.3,1,5
P100000,2026-08-18 05:15:00,70.2,29.8,98.8,2,7
P100000,2026-08-18 05:30:00,66.9,34.6,102.7,1,5
P100000,2026-08-18 05:45:00,80.5,34.6,103.9,3,5
P100000,2026-08-18 06:00:00,69.7,31.9,81.8,1,3
P100000,2026-08-18 06:15:00,76.5,28.9,98.4,0,6
P100000,2026-08-18 06:30:00,73.9,30.9,103.3,0,5
P100000,2026-08-18 06:45:00,79.2,31.9,98.5,0,6
P100000,2026-08-18 07:00:00,83.3,28.2,121.3,0,54
P100000,2026-08-18 07:15:00,80.3,31.6,97.1,0,57
P100000,2026-08-18 07:30:00,80.3,32.9,102.9,0,52
P100000,2026-08-18 07:45:00,67.4,30.5,117.0,0,42
P100000,2026-08-18 08:00:00,77.3,34.2,99.8,0,42
P100000,2026-08-18 08:15:00,75.7,34.1,112.1,0,53
P100000,2026-08-18 08:30:00,76.0,33.7,101.9,0,32
P100000,2026-08-18 08:45:00,82.5,30.6,110.4,0,57
P100000,2026-08-18 09:00:00,73.7,38.5,121.7,0,49
P100000,2026-08-18 09:15:00,74.6,32.8,125.7,0,32
P100000,2026-08-18 09:30:00,77.4,35.6,119.5,0,43
P100000,2026-08-18 09:45:00,67.0,36.0,125.3,0,40
P100000,2026-08-18 10:00:00,68.9,28.2,128.9,0,41
P100000,2026-08-18 10:15:00,80.8,34.0,129.2,0,53
P100000,2026-08-18 10:30:00,76.9,27.5,133.4,0,48
P100000,2026-08-18 10:45:00,70.8,36.7,122.9,0,47
P100000,2026-08-18 11:00:00,71.7,28.6,119.5,0,49
P100000,2026-08-18 11:15:00,69.5,31.9,118.1,0,44
P100000,2026-08-18 11:30:00,75.5,36.0,123.5,0,43
P100000,2026-08-18 11:45:00,80.8,30.6,116.7,0,43
P100000,2026-08-18 12:00:00,87.3,36.3,122.9,0,38
P100000,2026-08-18 12:15:00,76.3,30.8,114.9,0,43
P100000,2026-08-18 12:30:00,67.6,37.7,114.1,0,36
P100000,2026-08-18 12:45:00,68.8,33.9,121.5,0,46
P100000,2026-08-18 13:00:00,78.3,31.9,113.4,0,45
P100000,2026-08-18 13:15:00,78.9,32.3,101.7,0,30
P100000,2026-08-18 13:30:00,81.6,29.7,106.8,0,46
P100000,2026-08-18 13:45:00,85.0,32.6,99.1,0,35
P100000,2026-08-18 14:00:00,81.5,29.5,107.0,0,57
P100000,2026-08-18 14:15:00,84.0,30.9,95.1,0,41
P100000,2026-08-18 14:30:00,81.6,30.2,100.9,0,34
P100000,2026-08-18 14:45:00,92.3,31.0,98.7,0,39
P100000,2026-08-18 15:00:00,89.1,30.2,97.9,0,37
P100000,2026-08-18 15:15:00,83.4,37.8,101.3,0,39
P100000,2026-08-18 15:30:00,83.4,32.2,91.3,0,35
P100000,2026-08-18 15:45:00,85.7,31.9,97.9,0,37
P100000,2026-08-18 16:00:00,84.5,31.2,99.5,0,31
P100000,2026-08-18 16:15:00,85.2,28.8,96.3,0,42
P100000,2026-08-18 16:30:00,88.9,32.7,98.5,0,41
P100000,2026-08-18 16:45:00,96.7,32.7,98.3,0,36
P100000,2026-08-18 17:00:00,87.6,31.2,89.5,0,41
P100000,2026-08-18 17:15:00,84.1,34.9,92.3,0,56
P100000,2026-08-18 17:30:00,94.7,33.3,104.6,0,26
P100000,2026-08-18 17:45:00,88.4,28.3,100.4,0,37
P100000,2026-08-18 18:00:00,87.5,31.0,98.8,0,37
P100000,2026-08-18 18:15:00,91.2,35.6,95.0,0,39
P100000,2026-08-18 18:30:00,89.4,33.5,108.9,0,43
P100000,2026-08-18 18:45:00,85.0,29.4,90.5,0,52
P100000,2026-08-18 19:00:00,86.8,32.3,92.3,0,45
P100000,2026-08-18 19:15:00,87.2,29.0,96.1,0,39
P100000,2026-08-18 19:30:00,85.4,30.3,93.8,0,52
P100000,2026-08-18 19:45:00,88.1,31.7,100.1,0,48
P100000,2026-08-18 20:00:00,95.9,28.6,106.1,0,52
P100000,2026-08-18 20:15:00,93.0,34.6,105.6,0,39
P100000,2026-08-18 20:30:00,93.7,30.7,102.8,0,50
P100000,2026-08-18 20:45:00,86.3,33.7,92.3,0,40
P100000,2026-08-18 21:00:00,88.5,33.0,89.0,0,38
P100000,2026-08-18 21:15:00,84.7,30.0,100.8,0,7
P100000,2026-08-18 21:30:00,86.5,34.9,100.1,0,1
P100000,2026-08-18 21:45:00,88.6,30.8,92.5,0,5
P100000,2026-08-18 22:00:00,86.4,34.3,96.1,0,3
P100000,2026-08-18 22:15:00,79.9,35.1,93.8,0,6
P100000,2026-08-18 22:30:00,89.9,30.6,108.6,0,6
P100000,2026-08-18 22:45:00,94.9,36.5,91.6,0,5
P100000,2026-08-18 23:00:00,74.9,32.5,97.6,3,6
P100000,2026-08-18 23:15:00,81.3,33.2,102.4,1,7
P100000,2026-08-18 23:30:00,83.4,29.9,98.7,1,3
P100000,2026-08-18 23:45:00,71.9,36.2,96.4,3,8
P100000,2026-08-19 00:00:00,75.7,34.4,91.1,1,5
P100000,2026-08-19 00:15:00,74.7,33.1,103.8,1,3
P100000,2026-08-19 00:30:00,77.4,32.1,93.9,1,11
P100000,2026-08-19 00:45:00,72.9,37.7,92.0,0,8
P100000,2026-08-19 01:00:00,86.3,38.5,99.5,2,5
P100000,2026-08-19 01:15:00,75.5,36.8,92.1,1,11
P100000,2026-08-19 01:30:00,77.2,29.7,94.7,3,3
P100000,2026-08-19 01:45:00,75.5,33.8,86.8,0,1
P100000,2026-08-19 02:00:00,80.5,37.9,100.6,1,2
P100000,2026-08-19 02:15:00,70.7,36.7,109.0,3,3
P100000,2026-08-19 02:30:00,72.5,34.1,106.2,3,3
P100000,2026-08-19 02:45:00,76.2,27.4,104.9,1,3
P100000,2026-08-19 03:00:00,79.1,35.4,104.9,1,6
P100000,2026-08-19 03:15:00,69.7,28.5,105.5,3,8
P100000,2026-08-19 03:30:00,69.6,34.8,99.9,1,1
P100000,2026-08-19 03:45:00,73.8,38.5,100.8,2,7
P100000,2026-08-19 04:00:00,69.0,35.5,94.0,3,6
P100000,2026-08-19 04:15:00,66.8,30.0,94.8,0,4
P100000,2026-08-19 04:30:00,75.6,38.3,101.0,3,4
P100000,2026-08-19 04:45:00,68.9,40.4,87.4,3,4
P100000,2026-08-19 05:00:00,80.5,37.8,100.0,0,3
P100000,2026-08-19 05:15:00,68.6,34.7,93.1,1,12
P100000,2026-08-19 05:30:00,72.2,39.8,100.1,1,7
P100000,2026-08-19 05:45:00,77.5,36.3,107.4,1,6
P100000,2026-08-19 06:00:00,70.1,29.0,87.8,3,2
P100000,2026-08-19 06:15:00,77.7,31.1,99.0,0,5
P100000,2026-08-19 06:30:00,79.9,32.8,92.7,0,3
P100000,2026-08-19 06:45:00,87.1,33.0,94.7,0,6
P100000,2026-08-19 07:00:00,77.0,32.3,103.0,0,34
P100000,2026-08-19 07:15:00,73.0,31.0,97.4,0,52
P100000,2026-08-19 07:30:00,87.6,31.9,93.1,0,47
P100000,2026-08-19 07:45:00,81.3,33.0,94.2,0,48
P100000,2026-08-19 08:00:00,78.6,32.2,104.3,0,46
P100000,2026-08-19 08:15:00,85.4,33.1,113.3,0,36
P100000,2026-08-19 08:30:00,77.4,31.0,112.3,0,32
P100000,2026-08-19 08:45:00,83.1,36.9,126.2,0,44
P100000,2026-08-19 09:00:00,83.6,30.7,118.0,0,45
P100000,2026-08-19 09:15:00,76.9,33.9,135.0,0,47
P100000,2026-08-19 09:30:00,76.4,29.9,134.0,0,41
P100000,2026-08-19 09:45:00,72.3,34.8,118.9,0,47
P100000,2026-08-19 10:00:00,82.3,27.7,125.8,0,46
P100000,2026-08-19 10:15:00,79.4,33.4,123.3,0,47
P100000,2026-08-19 10:30:00,73.9,32.9,133.6,0,41
P100000,2026-08-19 10:45:00,72.1,29.7,133.3,0,50
P100000,2026-08-19 11:00:00,85.0,31.9,126.3,0,45
P100000,2026-08-19 11:15:00,77.0,28.4,125.4,0,46
P100000,2026-08-19 11:30:00,75.6,32.2,126.5,0,50
P100000,2026-08-19 11:45:00,75.0,36.6,123.7,0,37
P100000,2026-08-19 12:00:00,80.5,30.6,135.6,0,43
P100000,2026-08-19 12:15:00,81.6,29.3,114.0,0,58
P100000,2026-08-19 12:30:00,79.3,26.0,117.9,0,59
P100000,2026-08-19 12:45:00,84.1,28.0,122.7,0,48
P100000,2026-08-19 13:00:00,76.7,30.8,110.2,0,49
P100000,2026-08-19 13:15:00,89.0,35.1,110.1,0,42
P100000,2026-08-19 13:30:00,78.8,36.4,111.0,0,39
P100000,2026-08-19 13:45:00,79.1,27.3,125.1,0,52
P100000,2026-08-19 14:00:00,81.1,35.4,105.9,0,50
P100000,2026-08-19 14:15:00,84.3,29.6,97.0,0,53
P100000,2026-08-19 14:30:00,73.4,34.4,107.3,0,36
P100000,2026-08-19 14:45:00,80.2,32.4,95.6,0,43
P100000,2026-08-19 15:00:00,85.4,26.5,119.2,0,48
P100000,2026-08-19 15:15:00,79.2,37.5,103.0,0,52
P100000,2026-08-19 15:30:00,79.6,33.9,121.7,0,39
P100000,2026-08-19 15:45:00,78.2,29.7,105.4,0,55
P100000,2026-08-19 16:00:00,81.5,35.8,126.5,0,66
P100000,2026-08-19 16:15:00,79.4,31.7,125.9,0,64
P100000,2026-08-19 16:30:00,85.3,32.5,112.1,0,45
P100000,2026-08-19 16:45:00,91.9,30.5,108.4,0,46
P100000,2026-08-19 17:00:00,83.3,37.2,142.4,0,52
P100000,2026-08-19 17:15:00,82.0,35.3,110.9,0,44
P100000,2026-08-19 17:30:00,89.0,29.0,101.7,0,43
P100000,2026-08-19 17:45:00,93.1,41.2,102.9,0,54
P100000,2026-08-19 18:00:00,86.4,35.7,92.9,0,35
P100000,2026-08-19 18:15:00,90.1,34.6,101.2,0,40
P100000,2026-08-19 18:30:00,87.9,26.8,97.1,0,42
P100000,2026-08-19 18:45:00,81.6,30.5,94.8,0,41
P100000,2026-08-19 19:00:00,86.2,36.3,101.2,0,49
P100000,2026-08-19 19:15:00,81.0,35.8,97.7,0,34
P100000,2026-08-19 19:30:00,84.0,33.8,94.4,0,68
P100000,2026-08-19 19:45:00,90.3,34.0,100.1,0,52
P100000,2026-08-19 20:00:00,90.0,29.0,104.1,0,49
P100000,2026-08-19 20:15:00,92.6,29.5,106.1,0,52
P100000,2026-08-19 20:30:00,92.0,34.4,93.5,0,44
P100000,2026-08-19 20:45:00,89.3,34.8,113.6,0,41
P100000,2026-08-19 21:00:00,92.1,30.5,101.3,0,58
P100000,2026-08-19 21:15:00,85.3,31.8,100.2,0,3
P100000,2026-08-19 21:30:00,88.0,36.2,102.0,0,6
P100000,2026-08-19 21:45:00,87.6,37.9,100.7,0,7
P100000,2026-08-19 22:00:00,85.5,41.4,96.2,0,6
P100000,2026-08-19 22:15:00,71.5,42.8,110.6,0,9
P100000,2026-08-19 22:30:00,81.9,35.0,99.4,0,2
P100000,2026-08-19 22:45:00,81.2,38.1,104.0,0,5
P100000,2026-08-19 23:00:00,77.1,38.3,97.7,2,7
P100000,2026-08-19 23:15:00,73.3,35.4,104.2,1,11
P100000,2026-08-19 23:30:00,75.1,38.3,95.0,3,8
P100000,2026-08-19 23:45:00,77.6,33.3,82.6,1,7
P100000,2026-08-20 00:00:00,77.3,39.3,90.0,3,8
P100000,2026-08-20 00:15:00,69.5,40.7,95.4,1,8
P100000,2026-08-20 00:30:00,78.3,44.8,97.6,3,5
P100000,2026-08-20 00:45:00,72.7,42.6,99.2,1,3
P100000,2026-08-20 01:00:00,77.0,42.2,97.5,1,2
P100000,2026-08-20 01:15:00,70.1,38.8,104.5,3,6
P100000,2026-08-20 01:30:00,77.4,34.8,126.2,1,5
P100000,2026-08-20 01:45:00,72.9,43.2,102.6,2,2
P100000,2026-08-20 02:00:00,76.8,43.1,97.0,3,8
P100000,2026-08-20 02:15:00,69.5,44.2,101.0,3,5
P100000,2026-08-20 02:30:00,74.1,41.8,93.5,1,6
P100000,2026-08-20 02:45:00,78.6,40.1,90.5,1,4
P100000,2026-08-20 03:00:00,74.1,42.8,88.3,3,8
P100000,2026-08-20 03:15:00,64.6,38.4,93.9,0,4
P100000,2026-08-20 03:30:00,67.2,41.3,92.7,2,7
P100000,2026-08-20 03:45:00,68.3,39.8,100.3,2,4
P100000,2026-08-20 04:00:00,69.1,45.4,101.2,0,6
P100000,2026-08-20 04:15:00,66.9,40.2,92.0,1,3
P100000,2026-08-20 04:30:00,66.0,40.7,89.6,1,9
P100000,2026-08-20 04:45:00,64.4,36.8,93.0,3,3
P100000,2026-08-20 05:00:00,60.3,42.6,97.3,1,1
P100000,2026-08-20 05:15:00,67.6,44.7,95.4,3,7
P100000,2026-08-20 05:30:00,61.8,42.3,95.4,3,7
P100000,2026-08-20 05:45:00,58.7,44.4,95.8,3,2
P100000,2026-08-20 06:00:00,62.2,41.9,92.3,2,5
P100000,2026-08-20 06:15:00,80.4,48.4,93.7,0,3
P100000,2026-08-20 06:30:00,67.5,41.3,93.2,0,1
P100000,2026-08-20 06:45:00,79.7,43.1,97.3,0,6
P100000,2026-08-20 07:00:00,65.9,40.8,109.7,0,81
P100000,2026-08-20 07:15:00,73.5,41.4,105.0,0,78
P100000,2026-08-20 07:30:00,77.3,37.3,105.1,0,95
P100000,2026-08-20 07:45:00,66.1,44.1,107.9,0,65
P100000,2026-08-20 08:00:00,70.9,47.7,95.1,0,80
P100000,2026-08-20 08:15:00,67.0,42.6,108.0,0,67
P100000,2026-08-20 08:30:00,71.9,44.3,112.5,0,82
P100000,2026-08-20 08:45:00,66.1,42.8,121.2,0,60
P100000,2026-08-20 09:00:00,75.1,45.5,117.5,0,71
P100000,2026-08-20 09:15:00,71.0,41.8,120.7,0,73
P100000,2026-08-20 09:30:00,68.4,41.4,122.6,0,67
P100000,2026-08-20 09:45:00,73.5,40.8,127.9,0,72
P100000,2026-08-20 10:00:00,76.1,44.0,142.1,0,64
P100000,2026-08-20 10:15:00,65.5,42.2,124.4,0,68
P100000,2026-08-20 10:30:00,76.1,40.8,121.6,0,73
P100000,2026-08-20 10:45:00,76.1,33.4,123.9,0,73
P100000,2026-08-20 11:00:00,82.1,40.6,117.7,0,44
P100000,2026-08-20 11:15:00,72.6,44.0,131.5,0,65
P100000,2026-08-20 11:30:00,69.4,41.5,114.2,0,62
P100000,2026-08-20 11:45:00,87.7,39.7,127.8,0,55
P100000,2026-08-20 12:00:00,74.1,39.9,126.5,0,79
P100000,2026-08-20 12:15:00,75.1,42.4,119.2,0,68
P100000,2026-08-20 12:30:00,78.0,42.9,122.7,0,61
P100000,2026-08-20 12:45:00,74.5,46.5,117.4,0,70
P100000,2026-08-20 13:00:00,78.1,40.7,112.6,0,75
P100000,2026-08-20 13:15:00,77.9,37.3,105.0,0,62
P100000,2026-08-20 13:30:00,74.6,48.3,101.3,0,69
P100000,2026-08-20 13:45:00,73.8,44.1,98.6,0,61
P100000,2026-08-20 14:00:00,78.9,38.8,96.3,0,68
P100000,2026-08-20 14:15:00,80.0,37.6,88.1,0,74
P100000,2026-08-20 14:30:00,85.1,40.5,96.1,0,55
P100000,2026-08-20 14:45:00,78.9,45.0,94.0,0,62
P100000,2026-08-20 15:00:00,86.9,37.3,104.8,0,55
P100000,2026-08-20 15:15:00,77.6,42.2,100.5,0,72
P100000,2026-08-20 15:30:00,76.4,38.8,95.4,0,49
P100000,2026-08-20 15:45:00,83.5,37.1,98.1,0,50
P100000,2026-08-20 16:00:00,82.5,42.6,102.0,0,64
P100000,2026-08-20 16:15:00,87.3,35.9,103.6,0,54
P100000,2026-08-20 16:30:00,83.3,40.5,103.1,0,80
P100000,2026-08-20 16:45:00,75.5,44.4,94.6,0,71
P100000,2026-08-20 17:00:00,79.3,37.6,103.6,0,79
P100000,2026-08-20 17:15:00,84.1,43.6,97.7,0,60
P100000,2026-08-20 17:30:00,85.4,44.1,90.8,0,75
P100000,2026-08-20 17:45:00,82.2,43.0,105.7,0,71
P100000,2026-08-20 18:00:00,86.7,39.9,102.4,0,72
P100000,2026-08-20 18:15:00,86.6,41.8,100.5,0,69
P100000,2026-08-20 18:30:00,88.4,42.2,97.7,0,64
P100000,2026-08-20 18:45:00,87.5,42.3,95.5,0,66
P100000,2026-08-20 19:00:00,91.9,38.5,98.4,0,57
P100000,2026-08-20 19:15:00,84.8,38.6,95.2,0,76
P100000,2026-08-20 19:30:00,85.5,42.5,97.8,0,61
P100000,2026-08-20 19:45:00,75.5,39.6,106.0,0,77
P100000,2026-08-20 20:00:00,84.2,42.5,98.8,0,75
P100000,2026-08-20 20:15:00,81.1,42.8,95.2,0,70
P100000,2026-08-20 20:30:00,86.6,40.3,98.1,0,58
P100000,2026-08-20 20:45:00,79.9,41.9,92.3,0,72
P100000,2026-08-20 21:00:00,83.6,44.8,98.1,0,61
P100000,2026-08-20 21:15:00,84.1,41.6,99.4,0,6
P100000,2026-08-20 21:30:00,76.7,42.7,97.2,0,4
P100000,2026-08-20 21:45:00,91.3,42.8,95.6,0,8
P100000,2026-08-20 22:00:00,87.6,41.2,96.0,0,4
P100000,2026-08-20 22:15:00,83.8,38.7,92.8,0,4
P100000,2026-08-20 22:30:00,84.5,42.8,102.4,0,2
P100000,2026-08-20 22:45:00,85.5,43.2,90.6,0,4
P100000,2026-08-20 23:00:00,82.3,47.5,94.2,1,4
P100000,2026-08-20 23:15:00,77.7,44.9,97.7,1,4
P100000,2026-08-20 23:30:00,77.0,40.6,98.1,2,4
P100000,2026-08-20 23:45:00,78.1,39.1,88.7,3,6
P100000,2026-08-21 00:00:00,78.3,36.3,102.7,1,5
P100000,2026-08-21 00:15:00,64.6,41.7,107.8,1,5
P100000,2026-08-21 00:30:00,74.6,38.6,96.3,1,11
P100000,2026-08-21 00:45:00,73.6,40.9,88.7,3,3
P100000,2026-08-21 01:00:00,69.0,38.3,94.8,0,10
P100000,2026-08-21 01:15:00,67.4,42.6,88.5,1,3
P100000,2026-08-21 01:30:00,73.9,41.1,96.1,1,7
P100000,2026-08-21 01:45:00,72.7,39.8,93.3,3,8
P100000,2026-08-21 02:00:00,70.7,40.4,88.1,2,5
P100000,2026-08-21 02:15:00,79.1,40.5,107.6,1,3
P100000,2026-08-21 02:30:00,66.7,41.6,95.5,2,5
P100000,2026-08-21 02:45:00,62.1,43.7,92.4,1,5
P100000,2026-08-21 03:00:00,61.3,43.9,95.3,1,6
P100000,2026-08-21 03:15:00,73.1,44.1,93.8,0,5
P100000,2026-08-21 03:30:00,64.6,47.7,94.6,3,3
P100000,2026-08-21 03:45:00,74.7,44.2,92.8,0,1
P100000,2026-08-21 04:00:00,66.0,43.4,100.8,2,4
P100000,2026-08-21 04:15:00,62.6,45.4,96.0,3,8
P100000,2026-08-21 04:30:00,61.1,42.0,95.8,1,4
P100000,2026-08-21 04:45:00,59.8,42.2,94.8,0,2
P100000,2026-08-21 05:00:00,59.6,43.3,93.7,1,5
P100000,2026-08-21 05:15:00,60.3,43.5,90.3,1,4
P100000,2026-08-21 05:30:00,65.1,46.8,102.9,1,7
P100000,2026-08-21 05:45:00,70.3,45.3,95.4,1,3
P100000,2026-08-21 06:00:00,61.8,36.3,87.7,1,7
P100000,2026-08-21 06:15:00,71.5,41.2,90.8,0,4
P100000,2026-08-21 06:30:00,74.3,46.5,103.8,0,7
P100000,2026-08-21 06:45:00,66.4,44.9,99.1,0,5
P100000,2026-08-21 07:00:00,71.3,46.7,106.0,0,70
P100000,2026-08-21 07:15:00,73.0,34.0,92.6,0,70
P100000,2026-08-21 07:30:00,75.5,44.6,100.7,0,65
P100000,2026-08-21 07:45:00,73.4,45.8,99.7,0,59
P100000,2026-08-21 08:00:00,59.8,43.0,95.0,0,77
P100000,2026-08-21 08:15:00,61.4,48.1,104.9,0,77
P100000,2026-08-21 08:30:00,63.0,46.3,106.3,0,87
P100000,2026-08-21 08:45:00,65.5,42.2,114.7,0,79
P100000,2026-08-21 09:00:00,70.8,49.5,114.0,0,66
P100000,2026-08-21 09:15:00,78.8,49.8,117.0,0,77
P100000,2026-08-21 09:30:00,72.1,40.8,112.3,0,82
P100000,2026-08-21 09:45:00,66.4,52.0,118.0,0,57
P100000,2026-08-21 10:00:00,72.2,43.3,132.7,0,68
P100000,2026-08-21 10:15:00,62.4,51.8,135.1,0,80
P100000,2026-08-21 10:30:00,67.0,45.9,127.1,0,63
P100000,2026-08-21 10:45:00,68.7,52.7,117.3,0,74
P100000,2026-08-21 11:00:00,58.6,49.5,124.1,0,67
P100000,2026-08-21 11:15:00,65.8,43.1,134.3,0,67
P100000,2026-08-21 11:30:00,68.3,48.5,120.0,0,64
P100000,2026-08-21 11:45:00,69.2,44.9,123.7,0,75
P100000,2026-08-21 12:00:00,62.4,48.0,116.0,0,81
P100000,2026-08-21 12:15:00,71.0,48.0,122.1,0,89
P100000,2026-08-21 12:30:00,70.5,42.2,107.2,0,88
P100000,2026-08-21 12:45:00,70.6,48.3,114.4,0,69
P100000,2026-08-21 13:00:00,54.6,49.4,109.1,0,79
P100000,2026-08-21 13:15:00,70.6,50.2,108.4,0,77
P100000,2026-08-21 13:30:00,70.5,49.3,99.9,0,89
P100000,2026-08-21 13:45:00,65.3,49.3,92.3,0,93
P100000,2026-08-21 14:00:00,72.3,46.5,105.2,0,81
P100000,2026-08-21 14:15:00,73.9,49.3,105.9,0,88
P100000,2026-08-21 14:30:00,67.6,50.5,96.7,0,84
P100000,2026-08-21 14:45:00,67.2,47.9,92.9,0,76
P100000,2026-08-21 15:00:00,73.5,44.6,89.5,0,67
P100000,2026-08-21 15:15:00,72.0,49.7,88.9,0,80
P100000,2026-08-21 15:30:00,70.0,46.0,85.8,0,83
P100000,2026-08-21 15:45:00,72.1,47.2,86.4,0,77
P100000,2026-08-21 16:00:00,73.0,55.4,94.5,0,56
P100000,2026-08-21 16:15:00,73.1,50.7,89.7,0,62
P100000,2026-08-21 16:30:00,71.2,42.0,94.1,0,83
P100000,2026-08-21 16:45:00,75.4,45.2,97.2,0,62
P100000,2026-08-21 17:00:00,73.1,47.4,98.9,0,86
P100000,2026-08-21 17:15:00,78.3,48.2,97.1,0,84
P100000,2026-08-21 17:30:00,76.9,48.2,97.2,0,68
P100000,2026-08-21 17:45:00,71.5,48.0,106.4,0,81
P100000,2026-08-21 18:00:00,81.4,40.4,101.3,0,90
P100000,2026-08-21 18:15:00,77.9,48.9,92.5,0,72
P100000,2026-08-21 18:30:00,75.2,45.8,95.6,0,84
P100000,2026-08-21 18:45:00,77.5,51.3,90.1,0,83
P100000,2026-08-21 19:00:00,81.9,43.3,91.9,0,80
P100000,2026-08-21 19:15:00,76.7,47.5,84.6,0,97
P100000,2026-08-21 19:30:00,75.2,47.4,99.0,0,84
P100000,2026-08-21 19:45:00,79.0,52.3,97.1,0,78
